Date,Open,High,Low,Close,Volume
04/18/2013,49.34,49.34,49.34,49.34,100
04/24/2013,50.05,50.05,50.05,50.05,510
04/25/2013,51.01,51.01,51.01,51.01,100
04/26/2013,50.79,50.79,50.79,50.79,400
04/30/2013,49.97,49.97,49.97,49.97,894
05/02/2013,51.12,51.19,51.12,51.1899,355
05/08/2013,52.12,52.3,52.12,52.28,1800
05/09/2013,52.11,52.11,52.11,52.11,500
05/10/2013,52.87,52.87,52.15,52.2543,1842
05/13/2013,52.93,52.93,52.178,52.32,463
05/14/2013,52.87,52.87,52.87,52.87,303
05/15/2013,52.9755,52.9755,52.9755,52.9755,110
05/16/2013,53.3,53.3,53.29,53.29,1200
05/17/2013,53.314,53.314,53.3,53.3,503
05/21/2013,53.78,53.83,53.7799,53.7799,1100
05/22/2013,53.75,53.75,53.29,53.29,600
05/23/2013,52.65,52.74,52.65,52.74,300
05/24/2013,52.93,52.93,52.93,52.93,100
05/28/2013,53.86,53.86,53.7,53.7,934
05/29/2013,53.4131,53.4131,53.4131,53.4131,100
05/30/2013,53.63,53.63,53.63,53.63,1500
05/31/2013,53.62,53.62,53.62,53.62,930
06/04/2013,53.11,53.26,53.11,53.26,920
06/05/2013,52.1,52.1,52.1,52.1,100
06/10/2013,53.13,53.25,53.13,53.25,3780
06/11/2013,53.18,53.18,53.18,53.18,470
06/12/2013,52.61,52.61,52.61,52.61,500
06/14/2013,52.96,52.96,52.6,52.6,1294
06/17/2013,52.95,52.95,52.95,52.95,500
06/19/2013,53.392,53.404,53.36,53.36,800
06/20/2013,51.8399,51.8399,51.73,51.73,687
06/21/2013,51.792,51.792,51.1601,51.62,1200
06/24/2013,50.701,50.75,50.701,50.75,600
06/25/2013,51.3799,51.38,51.3799,51.38,200
06/28/2013,52.05,52.05,52.05,52.05,100
07/01/2013,52.39,52.4,52.35,52.35,1600
07/05/2013,52.43,52.43,52.17,52.17,1500
07/08/2013,53.02,53.02,53.02,53.02,138
07/09/2013,53.44,53.44,53.44,53.44,600
07/12/2013,54.08,54.09,54.07,54.07,1600
07/15/2013,54.32,54.32,54.32,54.32,672
07/16/2013,54.41,54.41,54.09,54.09,584
07/18/2013,54.728,54.732,54.66,54.732,1450
07/19/2013,54.63,54.63,54.63,54.63,180
07/22/2013,54.99,54.99,54.78,54.78,1385
07/25/2013,54.5,54.5087,54.5,54.5087,600
07/26/2013,54.5,54.5,54.5,54.5,150
07/29/2013,54.63,54.66,54.51,54.63,900
08/01/2013,55.318,55.318,55.318,55.318,800
08/02/2013,55.258,55.38,55.258,55.38,400
08/05/2013,55.319,55.319,55.31,55.31,399
08/06/2013,54.979,54.979,54.979,54.979,100
08/07/2013,54.5701,54.6299,54.5701,54.6299,300
08/09/2013,54.85,54.85,54.85,54.85,100
08/12/2013,54.75,54.75,54.75,54.75,100
08/14/2013,54.91,54.9199,54.91,54.9199,300
08/15/2013,54.01,54.01,54.01,54.01,200
08/16/2013,53.88,53.8944,53.759,53.759,600
08/19/2013,53.58,53.58,53.58,53.58,1593
08/21/2013,53.99,53.99,53.45,53.45,1400
08/26/2013,54.54,54.54,54,54.11,488
08/27/2013,52.9684,52.9684,52.9684,52.9684,200
09/06/2013,53.95,53.95,53.9,53.9,1000
09/09/2013,53.9,53.9,53.9,53.9,2217
09/10/2013,54.5801,54.61,54.5801,54.61,927
09/17/2013,55.2799,55.2799,55.27,55.27,968
09/19/2013,55.83,55.83,55.83,55.83,600
09/23/2013,54.6,55.17,54.6,54.98,400
09/27/2013,54.371,54.371,54.371,54.371,299
09/30/2013,54.15,54.15,54.15,54.15,500
10/02/2013,54.23,54.23,54.23,54.23,300
10/03/2013,54.04,54.04,54.04,54.04,122
10/07/2013,54.29,54.29,54.24,54.25,500
10/08/2013,54.04,54.04,53.5,53.61,3092
10/09/2013,53.45,53.47,53.4,53.4,3085
10/10/2013,54.36,54.44,54.15,54.44,1235
10/11/2013,54.82,54.82,54.82,54.82,500
10/14/2013,55.19,55.19,55.19,55.19,362
10/15/2013,55.2,55.22,55.2,55.22,10000
10/16/2013,55.56,55.56,55.56,55.56,768
10/21/2013,56.38,56.38,56.2979,56.2979,426
10/22/2013,56.72,56.73,56.45,56.68,1800
10/23/2013,56.34,56.37,56.16,56.308,2600
10/24/2013,56.36,56.36,56.36,56.36,234
10/25/2013,56.43,56.5726,56.43,56.5726,210
10/28/2013,56.77,56.77,56.7,56.7,635
10/29/2013,56.92,56.92,56.92,56.92,938
10/30/2013,56.978,56.978,56.71,56.71,1100
11/01/2013,56.5,56.5,56.5,56.5,380
11/04/2013,56.88,56.88,56.88,56.88,200
11/07/2013,56.5,56.5,56.5,56.5,100
11/11/2013,57.26,57.26,57.25,57.25,444
11/14/2013,57.54,57.54,57.533,57.533,276
11/18/2013,58.2,58.2,58.2,58.2,100
11/19/2013,57.81,57.81,57.81,57.81,400
11/21/2013,58.04,58.04,57.99,57.99,400
11/22/2013,58.07,58.28,58.07,58.2799,458
11/25/2013,58.34,58.34,58.3399,58.3399,200
11/26/2013,58.39,58.5,58.39,58.5,200
11/27/2013,58.54,58.54,58.37,58.37,1100
11/29/2013,58.7,58.7,58.58,58.58,900
12/03/2013,58.06,58.08,57.87,57.87,4200
12/04/2013,57.96,58.3,57.8,58.11,5064
12/05/2013,58.3,58.3,57.81,57.83,95430
12/06/2013,58.2,58.46,58.1999,58.35,830
12/09/2013,58.639,58.639,58.639,58.639,150
12/10/2013,58.47,58.48,58.47,58.48,344
12/11/2013,58.06,58.06,57.83,57.83,820
12/12/2013,57.6,57.65,57.49,57.65,5712
12/13/2013,57.61,57.62,57.58,57.58,1542
12/16/2013,57.91,58.0144,57.91,57.98,1011
12/17/2013,57.84,57.91,57.8,57.89,3318
12/18/2013,57.68,58.45,57.68,58.45,946
12/20/2013,58.994,59.03,58.994,59.03,324
12/23/2013,58.89,58.89,58.89,58.89,301
12/26/2013,59.31,59.342,59.31,59.342,355
12/27/2013,59.38,59.38,59.38,59.38,123
12/30/2013,59.44,59.44,59.36,59.36,620
12/31/2013,59.51,59.57,59.51,59.544,1652
01/02/2014,59.55,59.55,59.16,59.21,991
01/03/2014,59.29,59.29,59.139,59.14,828
01/06/2014,59.14,59.14,59.13,59.13,600
01/07/2014,59.39,59.46,59.39,59.46,1308
01/09/2014,59.475,59.475,59.29,59.33,5554
01/10/2014,59.45,59.52,59.28,59.52,6701
01/13/2014,59.47,59.51,59.11,59.11,1239
01/14/2014,59.03,59.3,59.03,59.3,1274
01/15/2014,59.61,59.68,59.61,59.68,1421
01/16/2014,59.38,59.3899,59.38,59.3899,550
01/17/2014,59.26,59.26,59.26,59.26,314
01/21/2014,59.62,59.62,59.13,59.34,925
01/22/2014,59.37,59.44,59.27,59.43,1488
01/23/2014,58.93,58.9488,58.66,58.76,2470
01/24/2014,58.09,58.09,57.63,57.63,19923
01/27/2014,57.52,57.606,57.34,57.34,2236
01/29/2014,57.26,57.3604,57.1696,57.34,772
01/30/2014,57.55,57.55,57.55,57.55,1751
01/31/2014,57.08,57.53,57.08,57.42,6981
02/03/2014,57.1,57.1,56.74,56.78,5761
02/04/2014,56.32,56.422,56.15,56.422,2046
02/05/2014,56.21,56.23,55.87,56.23,1323
02/06/2014,56.46,57.01,56.46,56.99,4734
02/07/2014,57.33,57.33,57.13,57.15,3241
02/10/2014,57.75,57.75,57.57,57.622,3824
02/11/2014,57.85,58.49,57.85,58.35,3408
02/12/2014,58.58,58.58,58.32,58.32,1332
02/13/2014,58.3,58.72,58.3,58.716,3133
02/14/2014,58.68,58.95,58.68,58.95,1171
02/18/2014,59.14,59.17,59.13,59.15,892
02/19/2014,59.05,59.35,59.02,59.02,1327
02/20/2014,58.98,59.2,58.98,59.2,1024
02/21/2014,59.2,59.2,59.092,59.092,1432
02/25/2014,59.282,59.282,59.282,59.282,178
02/28/2014,59.58,59.9,59.58,59.7,1354
03/03/2014,59.28,59.42,59,59.27,3057
03/04/2014,59.9501,60.21,59.9501,60.17,855
03/05/2014,60.14,60.14,60.14,60.14,290
03/06/2014,60.38,60.38,60.38,60.38,274
03/07/2014,60.4599,60.46,60.33,60.46,1124
03/10/2014,60.3042,60.41,60.248,60.41,669
03/11/2014,60.44,60.45,60,60,2209
03/14/2014,59.382,59.382,59.382,59.382,237
03/17/2014,59.8999,59.94,59.79,59.79,2432
03/18/2014,60.09,60.36,60.09,60.36,1932
03/19/2014,60.3633,60.3633,60.3259,60.3259,719
03/21/2014,60.52,60.57,60.37,60.5,5128
03/24/2014,60.74,60.74,60.1462,60.1462,1253
03/25/2014,60.1872,60.26,60.1872,60.26,776
03/26/2014,60.6,60.6,59.92,59.92,1412
03/27/2014,59.76,59.76,59.66,59.72,7461
03/28/2014,60.14,60.3,60.12,60.12,2079
03/31/2014,60.59,60.59,60.54,60.55,1355
04/01/2014,60.85,60.89,60.812,60.89,578
04/04/2014,61.34,61.39,61.3301,61.39,794
04/07/2014,60.53,60.53,59.9496,59.9496,1641
04/08/2014,60.1,60.1,59.939,59.939,727
04/09/2014,60.12,60.532,60.12,60.532,1022
04/10/2014,60.465,60.465,59.52,59.52,1032
04/11/2014,59.12,59.25,58.9946,58.9946,819
04/14/2014,59.25,59.47,59.1,59.1,571
04/15/2014,59.71,59.74,59.04,59.74,2286
04/16/2014,59.98,60.25,59.9799,60.25,829
04/17/2014,60.171,60.55,60.171,60.54,769
04/21/2014,60.61,60.61,60.61,60.61,207
04/22/2014,60.76,60.97,60.7599,60.95,681
04/23/2014,60.8,60.86,60.8,60.86,983
04/24/2014,60.74,60.86,60.74,60.86,885
04/25/2014,60.91,60.91,60.4399,60.44,1391
04/28/2014,60.7608,60.7608,60.6175,60.6175,829
04/29/2014,60.96,60.96,60.96,60.96,157
04/30/2014,60.82,61.04,60.82,61.0399,896
05/01/2014,61.0856,61.0856,61,61,671
05/02/2014,61.048,61.048,61.01,61.02,1150
05/05/2014,60.76,60.77,60.65,60.66,1153
05/06/2014,60.65,60.65,60.632,60.632,965
05/08/2014,61.21,61.21,60.83,60.83,1449
05/09/2014,61.03,61.03,60.6,60.6,4749
05/12/2014,61.34,61.49,61.34,61.49,3230
05/13/2014,61.56,61.65,61.56,61.64,5348
05/14/2014,61.43,61.43,61.35,61.35,1550
05/15/2014,61.25,61.25,60.598,60.598,423
05/19/2014,60.91,61.13,60.91,61.13,2129
05/20/2014,61.01,61.02,60.58,60.73,38286
05/21/2014,61.09,61.1,61.08,61.1,4233
05/22/2014,61.3599,61.41,61.3599,61.41,666
05/23/2014,61.49,61.53,61.4899,61.5299,1293
05/27/2014,61.86,61.86,61.7599,61.77,2959
05/28/2014,61.82,61.82,61.816,61.816,468
05/29/2014,61.9571,61.98,61.93,61.979,3463
06/02/2014,62.322,62.322,62.26,62.32,1668
06/04/2014,62.27,62.5,62.25,62.497,4859
06/05/2014,62.59,62.59,62.582,62.59,515
06/06/2014,63.15,63.21,63.14,63.184,2061
06/09/2014,63.33,63.33,63.2501,63.2501,531
06/10/2014,63.28,63.3,63.264,63.28,1985
06/11/2014,63.0499,63.0499,63.0499,63.0499,198
06/12/2014,62.947,62.99,62.8599,62.8599,2273
06/13/2014,62.89,62.92,62.7305,62.75,81984
06/16/2014,62.85,62.94,62.6839,62.89,2243
06/17/2014,63.0196,63.09,63,63.09,7003
06/18/2014,63.08,63.5799,63.012,63.5799,11379
06/19/2014,63.58,63.6092,63.44,63.6092,4247
06/20/2014,63.78,63.81,63.76,63.81,8573
06/23/2014,63.83,63.84,63.76,63.84,9478
06/24/2014,63.81,63.96,63.3699,63.38,4296
06/25/2014,63.0301,63.25,63.0301,63.23,56249
06/26/2014,63.4,63.4,62.878,62.878,3885
06/27/2014,62.97,63.21,62.89,63.08,85898
06/30/2014,63.29,63.3,63.29,63.3,561
07/01/2014,63.33,63.75,63.33,63.65,668
07/02/2014,63.7,63.71,63.65,63.65,37530
07/03/2014,64.04,64.119,63.91,64,13370
07/07/2014,64.03,64.03,63.68,63.77,5585
07/08/2014,63.58,63.58,63.42,63.452,7179
07/09/2014,63.64,63.8195,63.49,63.706,13427
07/10/2014,63.251,63.435,63.251,63.435,699
07/11/2014,63.46,63.46,63.46,63.46,1917
07/15/2014,63.863,63.863,63.863,63.863,490
07/16/2014,63.97,64.0227,63.97,64.0227,22359
07/17/2014,63.65,63.65,63.65,63.65,1030
07/18/2014,63.64,63.95,63.59,63.95,1962
07/21/2014,63.81,63.85,63.55,63.85,969
07/22/2014,64.2328,64.2328,64.1,64.1,14425
07/23/2014,64.22,64.28,64.07,64.28,965
07/24/2014,64.28,64.33,64.28,64.33,2162
07/25/2014,63.98,64.0062,63.98,64,619
07/28/2014,64.12,64.12,63.64,63.89,1696
07/29/2014,64.02,64.02,64.02,64.02,5164
07/30/2014,63.567,63.7228,63.567,63.7228,633
07/31/2014,62.79,62.79,62.79,62.79,411
08/01/2014,62.3,62.3401,61.88,62.3258,1976
08/05/2014,62.47,62.47,61.8501,61.8501,611
08/06/2014,61.65,62.2,61.65,62.076,1209
08/07/2014,61.927,61.927,61.682,61.682,708
08/08/2014,62.28,62.42,62.22,62.34,161419
08/11/2014,62.53,62.6,62.53,62.6,385
08/12/2014,62.4599,62.5,62.41,62.5,4924
08/13/2014,62.7501,62.7501,62.6243,62.6243,1236
08/14/2014,62.79,63.06,62.79,63.04,3843
08/15/2014,63.105,63.105,62.74,63.03,7588
08/18/2014,63.385,63.54,63.38,63.54,10607
08/19/2014,63.79,63.95,63.7,63.95,9326
08/20/2014,63.68,64.15,63.68,64.15,662
08/21/2014,64.12,64.42,64.12,64.42,506
08/22/2014,64.26,64.26,64.18,64.18,1620
08/25/2014,64.55,64.59,64.52,64.55,13963
08/26/2014,64.7,64.79,64.6599,64.66,920
08/27/2014,64.74,64.74,64.74,64.74,271
08/28/2014,64.56,64.64,64.4601,64.6038,3021
08/29/2014,64.609,64.609,64.609,64.609,401
09/02/2014,64.99,64.99,64.53,64.62,1903
09/03/2014,65.09,65.09,64.725,64.75,226306
09/04/2014,64.59,65.07,64.5599,64.5599,2024
09/05/2014,64.45,64.8,64.45,64.8,3279
09/08/2014,64.7,64.91,64.69,64.69,603
09/09/2014,64.46,64.59,64.3575,64.3575,653
09/10/2014,64.19,64.44,64.04,64.44,1826
09/12/2014,64.445,64.465,63.9601,64.0201,1131237
09/15/2014,63.92,64.12,63.92,64.12,3381
09/16/2014,64.1,64.1,64.1,64.1,382
09/17/2014,64.77,64.82,64.64,64.78,2494
09/18/2014,64.86,65.0889,64.85,65.0889,1168738
09/19/2014,65.19,65.24,64.84,64.85,50338
09/22/2014,64.82,64.82,64.4,64.4,819
09/23/2014,64.14,64.26,64.04,64.04,1118
09/24/2014,64.091,64.2099,64.091,64.2099,420
09/25/2014,63.5,63.55,63.35,63.35,17634
09/26/2014,63.26,63.9212,63.26,63.638,2507
09/29/2014,63.15,63.64,63.15,63.64,821
09/30/2014,63.39,63.51,63.39,63.44,1055
10/01/2014,63.19,63.19,62.45,62.45,180819
10/02/2014,62.45,62.45,62,62,1015
10/03/2014,62.95,63.0305,62.95,63.0305,548
10/06/2014,63.2799,63.2799,62.97,63.22,107280
10/07/2014,62.59,62.89,62.317,62.408,2176
10/08/2014,62.3,63.252,61.8449,63.252,3639
10/09/2014,62.88,62.93,61.92,61.92,43172
10/10/2014,61.88,61.88,61.09,61.09,1655084
10/13/2014,61.34,61.34,60.11,60.11,72058
10/14/2014,60.56,60.82,60.26,60.26,3633
10/15/2014,59.58,59.87,58.32,59.6199,28966
10/16/2014,59.258,60.09,59.16,59.71,12579
10/17/2014,60.75,60.84,60.44,60.4801,47893
10/20/2014,60.69,61.13,60.69,61.13,1607
10/21/2014,61.79,62.1896,61.7558,62.1896,4760
10/22/2014,62.34,62.42,61.98,61.98,169015
10/23/2014,62.69,62.69,62.46,62.54,816
10/24/2014,62.71,62.8496,62.56,62.8,1849
10/27/2014,62.761,62.85,62.75,62.85,1450
10/28/2014,63.0201,63.0201,63.0201,63.0201,361
10/29/2014,63.17,63.17,63.17,63.17,229
10/30/2014,63.42,63.9,63.39,63.6818,83999
10/31/2014,64.71,64.71,64.37,64.37,34099
11/03/2014,64.75,64.7799,64.52,64.77,31273
11/04/2014,64.19,64.46,64,64.46,1270
11/05/2014,64.5701,64.8599,64.3701,64.8599,2928
11/06/2014,64.88,64.89,64.69,64.89,1041
11/07/2014,65.1,65.1,65.1,65.1,309
11/10/2014,65.3175,65.4,65.3175,65.4,386
11/11/2014,65.3716,65.3716,65.324,65.324,954
11/12/2014,65.19,65.358,65.19,65.358,708
11/14/2014,65.4389,65.47,65.4,65.4399,24456
11/17/2014,65.44,65.44,65.27,65.32,93836
11/19/2014,65.66,65.78,65.5,65.76,115822
11/20/2014,65.65,65.8399,65.5,65.8399,18583
11/21/2014,66.84,66.84,66.26,66.26,16365
11/24/2014,66.53,66.53,66.44,66.44,2958
11/25/2014,66.71,66.71,66.38,66.56,11352
11/26/2014,66.4044,66.4999,66.3,66.3,12748
11/28/2014,66.272,66.272,66,66,1762
12/01/2014,65.531,65.74,65.52,65.6138,1839
12/02/2014,66.03,66.181,66.02,66.181,16511
12/03/2014,66.3877,66.411,66.3877,66.411,695
12/04/2014,66.0801,66.402,66.0801,66.3,3079
12/05/2014,66.49,66.5,66.49,66.5,1207
12/08/2014,66.3,66.3,65.844,65.9348,2101
12/10/2014,65.21,65.21,64.65,64.84,11752
12/11/2014,65.259,65.4401,65.14,65.14,3253
12/12/2014,64.6199,64.6199,64.6199,64.6199,182
12/15/2014,63.27,63.54,63.27,63.54,9545
12/16/2014,63.15,63.15,63.15,63.15,368
12/18/2014,64.978,65.54,64.978,65.54,4493
12/19/2014,66.11,66.207,66.0284,66.207,682
12/22/2014,66.4545,66.5399,66.3,66.5399,923
12/23/2014,66.9971,66.9971,66.9971,66.9971,485
12/24/2014,66.67,66.6799,66.54,66.54,1107
12/26/2014,66.77,66.96,66.73,66.73,77857
12/29/2014,66.82,66.85,66.82,66.8462,2044
12/30/2014,66.59,66.6199,66.5596,66.56,2564
12/31/2014,66.55,66.58,65.95,66.01,20587
01/02/2015,65.3901,65.3901,65.3901,65.3901,280
01/06/2015,64.7899,64.7899,63.74,64.03,963
01/07/2015,64.69,64.69,64.5275,64.54,1734
01/08/2015,65.619,65.849,65.47,65.849,1102866
01/09/2015,65.59,65.59,65.2305,65.2305,2635
01/12/2015,65.22,65.22,64.39,64.55,2376
01/13/2015,65.2662,65.4,63.91,64.37,1107967
01/14/2015,63.64,63.8582,63.09,63.8582,3214
01/15/2015,63.29,63.29,63.29,63.29,400
01/16/2015,63.29,64.135,63.23,64.135,5670
01/20/2015,64.29,64.29,63.67,63.93,1158
01/21/2015,64.2801,64.52,64.25,64.41,2745
01/22/2015,64.7615,64.98,64.58,64.88,211351
01/23/2015,65.434,65.434,65.09,65.09,1754
01/26/2015,64.74,65.02,64.74,64.99,485
01/27/2015,64.43,64.72,64.43,64.72,949
01/28/2015,64.55,64.56,63.4,63.4,6741
01/29/2015,63.49,63.93,63.079,63.93,13915
01/30/2015,63.29,63.29,63.29,63.29,344
02/02/2015,63.3,63.3,63.1099,63.1099,547
02/03/2015,64.4,65.29,64.4,65.29,7565
02/04/2015,65.16,65.468,65.08,65.468,27658
02/05/2015,65.454,65.8,65.42,65.79,3345
02/06/2015,65.99,66.14,65.99,66.0443,583
02/09/2015,65.67,65.67,65.36,65.36,815
02/10/2015,65.67,66.1299,65.49,65.97,6121
02/11/2015,65.896,66.067,65.8,66.067,3662
02/12/2015,66.579,66.72,66.579,66.72,431
02/13/2015,66.9048,67.0099,66.9048,67.0099,409
02/17/2015,67.06,67.18,67.06,67.18,908
02/18/2015,66.82,67.0599,66.82,67.04,1423
02/19/2015,66.784,67.1,66.784,67.04,2457
02/20/2015,66.88,67.1972,66.41,67.07,2599
02/23/2015,67.15,67.15,67.15,67.15,367
02/24/2015,67.45,67.45,67.42,67.42,751
02/25/2015,67.19,67.42,67.19,67.34,5579
02/26/2015,67.3,67.3,67.04,67.04,7557
02/27/2015,67.267,67.267,66.97,67.04,15209
03/02/2015,67.12,67.4,67.1,67.4,1056
03/03/2015,66.92,66.99,66.78,66.94,8054
03/04/2015,66.75,66.75,66.6774,66.71,693
03/05/2015,67.04,67.04,66.759,66.8099,1371
03/06/2015,66.7,66.7,65.75,65.76,6907
03/09/2015,66.23,66.2892,66.17,66.18,149216
03/10/2015,65.83,65.83,65.06,65.06,3639
03/11/2015,65.138,65.138,65.078,65.078,2558
03/12/2015,65.25,65.634,65.25,65.618,1361
03/13/2015,65.65,65.65,65.1,65.43,11490
03/16/2015,65.89,66.2,65.89,66.19,2327
03/17/2015,66.02,66.13,65.85,66.07,3531
03/18/2015,65.74,66.8,65.74,66.8,706
03/19/2015,66.6,66.6,66.34,66.3876,14609
03/20/2015,67.018,67.233,67.01,67.233,4078
03/23/2015,67.01,67.1,67.01,67.1,1777
03/24/2015,66.8978,67.039,66.62,66.62,2549
03/25/2015,66.18,66.18,65.566,65.566,1423
03/26/2015,65.3599,65.3599,65.18,65.3,8228
03/27/2015,65.114,65.274,65.09,65.2287,1075
03/30/2015,65.86,66.13,65.86,66.1,8363
04/01/2015,65.77,65.77,65.29,65.57,17614
04/02/2015,65.792,65.792,65.628,65.628,821
04/06/2015,65.32,66.36,65.32,66.26,1436
04/07/2015,66.32,66.41,65.97,65.97,3980
04/08/2015,66.1,66.1,65.97,66.02,10717
04/09/2015,66.19,66.2798,66.17,66.2798,1602
04/10/2015,66.34,66.69,66.34,66.678,1131
04/13/2015,66.911,66.911,66.6018,66.6316,2271
04/14/2015,66.46,66.76,66.46,66.6,1562
04/15/2015,67.32,67.32,67.2682,67.3,717
04/16/2015,67.14,67.21,66.951,66.98,113732
04/17/2015,66.41,66.41,66.1515,66.28,5839
04/20/2015,66.8017,66.946,66.8016,66.946,1031
04/21/2015,66.84,66.88,66.84,66.88,681
04/22/2015,66.51,66.51,66.47,66.47,291
04/23/2015,67.03,67.23,67.03,67.2,553
04/24/2015,67.13,67.18,67.07,67.09,395734
04/27/2015,67.31,67.31,67.098,67.098,1258
04/28/2015,67.16,67.2266,67.16,67.2266,665
04/29/2015,67.015,67.0212,67,67.0212,72629
04/30/2015,66.84,66.9,66.45,66.54,6280
05/01/2015,66.88,67.0101,66.88,67.0101,769
05/04/2015,67.38,67.4595,67.25,67.45,1140
05/05/2015,67.0199,67.0199,66.67,66.67,683
05/06/2015,66.78,66.78,66,66.38,2952
05/07/2015,66.27,66.5503,66.27,66.5503,709
05/08/2015,67.32,67.3952,67.32,67.3416,545
05/11/2015,67.4,67.44,67,67.02,20328
05/12/2015,66.9399,66.9399,66.9399,66.9399,490
05/13/2015,66.8428,66.8428,66.79,66.79,8378
05/14/2015,67.23,67.3801,67.23,67.3801,1840
05/15/2015,67.3882,67.51,67.3882,67.51,685
05/18/2015,67.57,67.7737,67.45,67.7,1275
05/19/2015,67.74,67.7461,67.74,67.7461,379
05/20/2015,67.836,67.836,67.836,67.836,286
05/21/2015,67.72,67.969,67.61,67.82,4069
05/22/2015,67.7593,67.89,67.7201,67.89,1303
05/26/2015,67.25,67.25,66.9499,66.9499,2439
05/27/2015,67.3134,67.48,67.3134,67.434,1075
05/28/2015,67.5499,67.56,67.5499,67.55,669
05/29/2015,67.19,67.3688,67.08,67.15,681
06/01/2015,67.202,67.24,67.15,67.15,7813
06/02/2015,67.18,67.468,67.15,67.24,13502
06/03/2015,67.33,67.6076,67.33,67.3995,1006
06/04/2015,67.02,67.02,66.899,66.899,453
06/05/2015,66.709,67.02,66.709,66.8812,1418
06/08/2015,66.67,66.67,66.5919,66.6299,1189
06/09/2015,66.4277,66.66,66.4277,66.66,1241
06/10/2015,66.98,67.34,66.98,67.334,3700
06/11/2015,67.326,67.59,67.326,67.44,4705
06/12/2015,66.966,66.9799,66.85,66.93,6472
06/15/2015,66.33,66.62,66.33,66.62,2170
06/16/2015,66.8303,66.9668,66.8224,66.9668,1078
06/18/2015,67.8799,67.8799,67.71,67.71,3026
06/19/2015,67.79,67.79,67.444,67.444,750
06/22/2015,67.68,67.84,67.6601,67.74,2661
06/24/2015,66.983,66.983,66.983,66.983,284
06/25/2015,66.99,67.0043,66.97,67.0043,1270
06/26/2015,66.486,66.58,66.486,66.5602,1008
06/29/2015,65.85,66.12,65.5,65.55,2309
06/30/2015,65.588,65.75,65.25,65.7,1649
07/01/2015,65.85,66.008,65.75,65.75,982
07/02/2015,66.044,66.1299,65.7,65.89,1112
07/06/2015,65.3244,65.37,65.3244,65.37,508
07/07/2015,64.8,65.84,64.8,65.84,9158
07/08/2015,65.2272,65.2272,64.66,64.66,244980
07/09/2015,65.68,65.68,65.0415,65.0483,2318
07/10/2015,65.59,65.68,65.59,65.68,9662
07/13/2015,66.17,66.35,66.13,66.32,7782
07/14/2015,66.642,66.695,66.6181,66.6733,2031
07/15/2015,66.77,66.77,66.36,66.48,3385
07/16/2015,66.945,66.97,66.8928,66.9397,1982
07/20/2015,66.76,66.9,66.76,66.865,3396
07/21/2015,66.85,66.85,66.4279,66.4279,2672
07/22/2015,66.4068,66.53,66.4068,66.43,75521
07/23/2015,66.52,66.52,66.1001,66.1604,1338
07/24/2015,65.76,65.76,65.76,65.76,285
07/27/2015,65.12,65.12,64.74,64.83,11007
07/28/2015,65.63,65.63,65.63,65.63,276
07/29/2015,66.09,66.2999,66.09,66.24,19605
07/30/2015,66.15,66.2088,66.13,66.1501,1323
07/31/2015,66.18,66.18,65.91,65.91,336
08/03/2015,65.73,65.81,65.73,65.7701,3206
08/04/2015,65.6577,65.7699,65.418,65.49,563
08/05/2015,66.0399,66.0399,65.6238,65.64,7989
08/06/2015,65.395,65.4302,65.18,65.37,13084
08/10/2015,65.81,66.07,65.81,66.02,1409
08/11/2015,65.48,65.48,65.27,65.31,1314
08/12/2015,64.9,65.34,64.9,65.34,1426
08/13/2015,65.31,65.64,65.31,65.63,557
08/14/2015,65.52,65.6199,65.52,65.61,652
08/17/2015,65.44,65.85,65.44,65.85,2546
08/18/2015,65.82,65.885,65.74,65.77,2743
08/19/2015,65.45,65.45,65.14,65.2409,821
08/20/2015,64.3901,64.4401,63.94,63.94,3183
08/21/2015,63.09,63.16,62.1251,62.15,12022
08/24/2015,58.1,61.15,51.72,59.71,33272
08/25/2015,60.57,60.6,59.97,59.99,32876
08/26/2015,60.3,60.55,59.08,60.55,10109
08/27/2015,61.5899,62.05,61.5899,61.95,2474
08/28/2015,62.135,62.274,62.04,62.144,8028
08/31/2015,62.23,62.23,62.1,62.1,490
09/01/2015,60.99,60.99,60.04,60.06,18890
09/02/2015,60.46,60.72,60.32,60.58,22394
09/03/2015,61.96,61.96,61.16,61.4052,9210
09/04/2015,60.706,60.706,60.14,60.59,6943
09/08/2015,61.47,61.9,61.37,61.86,10099
09/09/2015,62.397,62.397,61.4599,61.4599,6992
09/10/2015,61.2799,61.77,61.205,61.4517,7337
09/11/2015,61.6,61.65,61.35,61.62,12058
09/14/2015,61.47,61.552,61.42,61.42,4499
09/15/2015,62.11,62.47,62.02,62.44,10556
09/16/2015,62.924,63.04,62.92,62.99,4532
09/17/2015,63.01,63.69,62.69,62.8999,30368
09/18/2015,61.64,62.1899,61.33,61.41,7998
09/21/2015,61.678,61.8,61.49,61.75,72058
09/22/2015,60.77,60.77,60.35,60.59,24388
09/23/2015,60.629,60.83,60.3,60.5,22972
09/24/2015,60,60.45,59.475,60.31,15627
09/25/2015,60.46,60.4999,59.67,59.97,384311
09/28/2015,59.55,59.55,58.41,58.44,11475
09/29/2015,58.56,58.7,58.346,58.472,9504
09/30/2015,59.52,59.96,59.23,59.96,215201
10/01/2015,60.09,60.09,59.2301,59.69,29579
10/02/2015,59.11,60.505,59.11,60.505,71035
10/05/2015,62.15,62.37,62.15,62.28,4990
10/06/2015,62.27,62.584,62.09,62.26,12803
10/07/2015,62.8,62.96,62.35,62.95,11074
10/08/2015,62.976,63.79,62.976,63.66,6633
10/09/2015,63.7,63.7,63.504,63.5566,15757
10/12/2015,63.55,63.6499,63.39,63.61,9420
10/13/2015,63.4,63.959,63.32,63.32,219426
10/14/2015,63.46,63.46,62.93,63.07,7050
10/15/2015,63.1285,63.78,62.97,63.78,9190
10/16/2015,64.16,64.16,63.63,63.8367,1651
10/19/2015,63.76,63.96,63.58,63.96,69798
10/20/2015,63.9374,64.01,63.8201,63.88,11178
10/21/2015,63.94,63.94,63.2939,63.2939,8892
10/22/2015,63.8985,64.17,63.8985,64.17,7353
10/23/2015,64.7,64.714,64.39,64.69,5709
10/26/2015,64.43,64.43,64.2,64.27,17095
10/27/2015,63.79,63.88,63.6934,63.88,2800
10/28/2015,64.15,64.9,63.95,64.9,11437
10/29/2015,64.67,64.74,64.43,64.5599,93166
10/30/2015,64.578,64.73,64.34,64.34,2834
11/02/2015,64.45,65.2424,64.45,65.17,3885
11/03/2015,65.02,65.4199,64.9,65.25,13367
11/04/2015,65.03,65.03,64.79,64.84,3580
11/05/2015,64.79,64.87,64.7294,64.8338,2290
11/06/2015,64.94,65.02,64.6,65.02,7301
11/09/2015,65,65,64.3,64.3,406
11/10/2015,64.36,64.51,64.356,64.49,1405
11/11/2015,64.255,64.3339,64.0537,64.0537,1215
11/12/2015,63.44,63.44,63.275,63.28,2892
11/13/2015,62.5175,62.698,62.31,62.3114,1606
11/16/2015,62.37,63.04,62.28,63.04,6637
11/17/2015,62.96,63.26,62.9313,62.95,8138
11/18/2015,63.2594,64,63.25,64,9100
11/19/2015,63.66,63.75,63.6,63.75,1616
11/20/2015,64.221,64.221,63.8501,63.8501,1901
11/23/2015,63.85,64.1199,63.77,63.8,2086
11/24/2015,63.49,64.04,63.485,63.97,1486
11/25/2015,63.8299,64.04,63.8299,63.9754,2369
11/27/2015,63.99,64.0305,63.95,64.0305,20600
11/30/2015,63.97,64.0061,63.8506,63.9001,6221
12/01/2015,64.27,64.47,64.17,64.47,3776
12/02/2015,64.6126,64.6126,63.7689,63.8599,3078
12/03/2015,63.79,63.79,62.9301,62.9301,706
12/04/2015,63.15,64.18,63.15,64.12,9602
12/07/2015,63.7311,63.9,63.41,63.62,2099
12/08/2015,62.91,63.28,62.65,62.88,2785
12/09/2015,63.1399,63.35,62.39,62.4679,1956
12/10/2015,62.91,63.2899,62.8914,63.28,71851
12/11/2015,62.07,62.07,61.548,61.64,16270
12/14/2015,61.6445,61.66,61.1244,61.35,4652
12/15/2015,62.39,62.75,62.265,62.44,75477
12/16/2015,62.95,63.34,62.53,63.32,3932
12/17/2015,63.37,63.38,62.25,62.25,24960
12/18/2015,61.8001,61.84,61.3705,61.5185,6914
12/21/2015,61.688,61.8599,61.52,61.79,32145
12/22/2015,62.13,62.62,61.97,62.45,3720
12/23/2015,63.32,63.43,63.29,63.43,8395
12/24/2015,63.03,63.06,62.95,63.01,4271
12/28/2015,62.3872,62.42,62.3872,62.42,565
12/29/2015,62.93,63.2,62.93,63.16,7962
12/30/2015,63,63.02,62.6101,62.6101,3275
12/31/2015,62.46,62.46,62.24,62.24,923
01/04/2016,60.93,61.18,60.61,61.18,4274
01/05/2016,60.97,61.37,60.89,61.28,10530
01/06/2016,60.48,60.514,60.034,60.16,3720
01/07/2016,59.09,59.56,58.64,58.86,4982
01/08/2016,59.2,59.2,58.218,58.218,885
01/11/2016,58.09,58.09,57.37,57.86,235355
01/12/2016,58.48,58.5232,57.58,58.28,102902
01/13/2016,58.23,58.23,56.7035,56.758,123883
01/14/2016,56.81,57.56,56.81,57.32,16460
01/15/2016,55.6,55.95,55.158,55.83,34559
01/19/2016,56.42,56.42,54.85,55.35,335502
01/20/2016,53.86,55.1654,53.22,54.75,166149
01/21/2016,54.9,55.6,54.9,54.99,61468
01/22/2016,56.04,56.14,55.7,55.88,3845
01/25/2016,55.8,55.81,54.84,54.84,51824
01/26/2016,55.22,55.82,55.22,55.82,1993
01/27/2016,56.31,56.34,55.47,55.61,5347
01/28/2016,55.3801,55.4968,55.2,55.49,73060
01/29/2016,55.76,56.84,55.76,56.84,122523
02/01/2016,56.57,57.25,56.3451,57.25,11565
02/02/2016,56.47,56.47,55.47,55.51,2428
02/03/2016,55.87,55.93,55.165,55.86,15930
02/04/2016,55.85,56.59,55.85,56.15,187047
02/05/2016,56.08,56.08,55.38,55.53,29491
02/08/2016,54.64,54.85,53.95,54.6099,29631
02/09/2016,54.46,54.562,53.9505,54.45,19184
02/10/2016,54.79,54.99,54.4,54.4,13815
02/11/2016,53.62,54.08,53.27,53.5399,6333
02/12/2016,54.12,54.9799,53.88,54.96,232993
02/16/2016,55.96,56.2699,55.52,56.23,7474
02/17/2016,56.78,57.255,56.78,57.245,2581
02/18/2016,57.09,57.09,56.8919,56.9693,6357
02/19/2016,56.74,56.74,56.4,56.68,328116
02/22/2016,57.7,57.87,57.54,57.87,32173
02/23/2016,57.41,57.41,57.03,57.07,10289
02/24/2016,56.118,57.32,56.118,57.32,3756
02/25/2016,57.3092,58.02,57.3092,58.02,829
02/26/2016,58.2064,58.5,58.03,58.03,28023
02/29/2016,58,58.3498,57.788,57.8732,8689
03/01/2016,57.9212,59.03,57.9212,59.03,11754
03/02/2016,58.92,59.48,58.92,59.48,69544
03/03/2016,59.4001,59.93,59.4001,59.93,6989
03/04/2016,59.75,60.4765,59.75,60.11,114616
03/07/2016,59.88,60.74,59.88,60.62,104050
03/08/2016,59.768,59.94,59.4101,59.4101,35164
03/09/2016,59.82,60.1536,59.77,59.99,19378
03/10/2016,60.24,60.5,59.39,60.16,12381
03/11/2016,60.98,61.33,60.96,61.33,17844
03/14/2016,61.16,61.25,60.845,61.1,116906
03/15/2016,60.79,60.79,60.44,60.7401,9693
03/16/2016,60.8101,61.29,60.5957,61.22,20406
03/17/2016,61.18,61.8201,61.18,61.59,27763
03/18/2016,61.86,62.21,61.86,62.1,12461
03/21/2016,62.0773,62.18,61.9784,62.16,9551
03/22/2016,61.68,62.31,61.68,62.09,10680
03/23/2016,61.51,61.51,60.77,60.83,19592
03/24/2016,60.61,60.76,60.13,60.74,69970
03/28/2016,60.8,60.91,60.6581,60.79,33574
03/29/2016,60.62,61.24,60.51,61.24,48999
03/30/2016,61.689,61.76,61.2645,61.5,48917
03/31/2016,61.44,61.57,61.2811,61.35,17754
04/01/2016,60.69,61.45,60.69,61.43,8489
04/04/2016,61.38,61.38,60.96,61.03,8534
04/05/2016,60.36,60.58,60.35,60.4,11650
04/06/2016,60.63,61.06,60.36,61.04,6198
04/07/2016,60.7399,60.79,59.93,60.18,9015
04/08/2016,60.5,60.78,60.13,60.34,5412
04/11/2016,60.95,60.95,60.19,60.25,4257
04/12/2016,60.48,60.98,60.48,60.86,11096
04/13/2016,61.4799,61.85,61.42,61.81,66450
04/14/2016,61.73,61.76,61.58,61.74,6154
04/15/2016,61.7275,61.75,61.4507,61.52,7245
04/18/2016,61.5,62.02,61.36,62.02,7511
04/19/2016,62.57,62.64,62.29,62.58,10083
04/20/2016,62.76,63.26,62.71,63,58079
04/21/2016,63.2,63.2,62.66,62.68,4133
04/22/2016,62.95,63.02,62.7533,63.02,3183
04/25/2016,62.81,62.81,62.46,62.73,5470
04/26/2016,62.75,63.05,62.75,63.05,215709
04/27/2016,63.213,63.39,62.9,63.39,117699
04/28/2016,63,63.44,62.68,62.7,9835
04/29/2016,62.23,62.23,61.4978,61.81,2264
05/02/2016,61.93,62.08,61.631,62.03,9161
05/03/2016,61.66,61.66,61.01,61.31,161146
05/04/2016,60.84,61.07,60.53,60.66,33358
05/05/2016,60.75,60.976,60.48,60.51,23511
05/06/2016,60.37,60.79,60.29,60.78,3056
05/09/2016,60.89,60.93,60.59,60.64,9620
05/10/2016,61.04,61.45,61.02,61.43,78520
05/11/2016,61,61.29,60.79,60.79,30195
05/12/2016,60.48,60.75,60.2487,60.57,12421
05/13/2016,60.43,60.7,59.89,59.99,419781
05/16/2016,60.49,60.82,60.4725,60.7,54156
05/17/2016,60.7,60.89,60.22,60.39,7212
05/18/2016,60.46,60.74,60.14,60.44,13385
05/19/2016,60.49,60.518,60.07,60.44,5697
05/20/2016,60.63,61.14,60.63,60.99,48690
05/23/2016,60.98,61.21,60.89,60.98,31119
05/24/2016,61.63,61.83,61.63,61.78,12743
05/25/2016,62.2,62.4832,62.2,62.4,6646
05/26/2016,62.4072,62.47,62.2928,62.35,8044
05/27/2016,62.35,62.63,62.35,62.63,4164
05/31/2016,62.78,62.83,62.43,62.72,21574
06/01/2016,62.22,62.77,62.17,62.7,14764
06/02/2016,62.6189,62.95,62.6189,62.95,21263
06/03/2016,62.84,62.84,62.24,62.6,11184
06/06/2016,62.78,63.1499,62.78,63.02,16428
06/07/2016,63.29,63.49,63.13,63.29,71297
06/08/2016,63.27,63.49,63.27,63.44,139959
06/09/2016,63.16,63.2904,62.9624,63.26,24919
06/10/2016,62.66,62.7154,62.29,62.53,138602
06/13/2016,62.19,62.28,61.82,61.86,15057
06/14/2016,61.75,61.82,61.1,61.46,21108
06/15/2016,61.54,61.91,61.39,61.47,164324
06/16/2016,61.24,61.54,60.71,61.45,15357
06/17/2016,61.45,61.78,61.39,61.6,12816
06/20/2016,62.25,62.55,61.99,61.99,5383
06/21/2016,61.62,61.85,61.5,61.76,191247
06/22/2016,62.09,62.1328,61.6,61.65,6915
06/23/2016,62.46,62.63,62.33,62.63,23107
06/24/2016,60.6,61.21,59.95,60.03,172656
06/27/2016,59.54,59.54,58.1999,58.44,51391
06/28/2016,59.2,59.66,58.97,59.6,37942
06/29/2016,60.15,60.8292,60.15,60.7,27058
06/30/2016,60.8,61.63,60.57,61.63,22474
07/01/2016,61.6101,61.85,61.6,61.76,11708
07/05/2016,61.35,61.35,60.65,60.9,29511
07/06/2016,60.49,61.33,60.4894,61.33,12353
07/07/2016,61.45,61.92,61.168,61.4,3829849
07/08/2016,61.88,62.6141,61.88,62.54,23055
07/11/2016,62.67,62.9639,62.67,62.82,11201
07/12/2016,63.28,63.7,63.28,63.64,185072
07/13/2016,63.75,63.785,63.38,63.66,153122
07/14/2016,64.21,64.276,64.05,64.1,6608
07/15/2016,64.0764,64.16,63.9601,64.09,15404
07/18/2016,64.13,64.38,64.08,64.29,46597
07/19/2016,64.02,64.205,63.99,64.17,72360
07/20/2016,64.22,64.62,64.169,64.55,8868
07/21/2016,64.67,64.67,64.1401,64.32,9888
07/22/2016,64.43,64.61,64.35,64.61,9401
07/25/2016,64.59,64.59,64.35,64.48,9345
07/26/2016,64.532,64.718,64.43,64.66,135564
07/27/2016,64.87,64.895,64.43,64.62,49668
07/28/2016,64.29,64.49,64.1,64.411,7119
07/29/2016,64.18,64.42,64.103,64.42,8356
08/01/2016,64.33,64.4,64.03,64.13,53273
08/02/2016,64,64,63.06,63.32,17923
08/03/2016,63.29,63.84,63.2783,63.8101,15253
08/04/2016,63.87,63.95,63.76,63.82,4877
08/05/2016,64.17,64.6599,64.17,64.64,9649
08/08/2016,64.71,64.86,64.6,64.6,7078
08/09/2016,64.75,64.78,64.6,64.66,7665
08/10/2016,64.61,64.61,64.28,64.34,5935
08/11/2016,64.69,64.91,64.5183,64.81,64222
08/12/2016,64.66,64.8,64.61,64.77,14064
08/15/2016,64.9,65.28,64.9,65.21,20380
08/16/2016,65,65.09,64.9818,64.9818,9903
08/17/2016,64.7152,64.98,64.6,64.97,4637
08/18/2016,64.9999,65.2299,64.9999,65.21,16324
08/19/2016,65.04,65.2499,64.82,65.17,34546
08/22/2016,65.04,65.14,64.87,65.06,8860
08/23/2016,65.28,65.55,65.28,65.38,7684
08/24/2016,65.285,65.4,64.9201,65.03,56335
08/25/2016,64.955,65.07,64.8419,64.94,6965
08/26/2016,65.167,65.394,64.7,64.85,75655
08/29/2016,65.07,65.3499,65.05,65.26,86386
08/30/2016,65.21,65.31,65.171,65.28,35875
08/31/2016,65.05,65.22,64.81,65.22,39460
09/01/2016,65.33,65.33,64.69,65.03,25554
09/02/2016,65.29,65.51,65.251,65.4,11550
09/06/2016,65.49,65.53,65.1501,65.53,29522
09/07/2016,65.53,65.7,65.53,65.67,5324
09/08/2016,65.6,65.7499,65.5,65.63,643208
09/09/2016,65.17,65.259,64.14,64.15,94791
09/12/2016,64.11,65.23,64.11,65.13,28466
09/13/2016,64.5301,64.55,64.165,64.38,10179
09/14/2016,64.23,64.67,64.06,64.115,22386
09/15/2016,64.69,65.0016,64.69,64.93,7624
09/16/2016,64.85,64.93,64.565,64.835,130691
09/19/2016,65.23,65.4099,64.83,64.87,12213
09/20/2016,65.09,65.11,64.6852,64.79,11132
09/21/2016,65.17,65.5,64.88,65.47,11140
09/22/2016,65.97,66,65.7,65.8,13334
09/23/2016,65.75,65.83,65.435,65.53,15666
09/26/2016,64.58,64.81,64.41,64.41,39202
09/27/2016,64.28,64.84,64.28,64.84,26985
09/28/2016,65.01,65.24,64.61,65.22,80204
09/29/2016,65.26,65.26,64.33,64.49,728443
09/30/2016,64.91,65.48,64.84,65.28,551886
10/03/2016,65.08,65.23,64.99,65.14,1087621
10/04/2016,65.37,65.47,64.84,64.9889,22708
10/05/2016,65.29,65.72,65.29,65.558,45205
10/06/2016,65.46,65.595,65.17,65.535,22357
10/07/2016,65.53,65.715,64.93,65.18,24779
10/10/2016,65.71,65.823,65.5614,65.62,17934
10/11/2016,65.42,65.42,64.53,64.76,15472
10/12/2016,64.83,64.83,64.5735,64.71,616686
10/13/2016,64.29,64.58,63.6921,64.41,185095
10/14/2016,64.87,64.97,64.33,64.34,371233
10/17/2016,64.35,64.52,64.1408,64.18,26418
10/18/2016,64.75,64.91,64.51,64.72,23972
10/19/2016,64.7,64.9153,64.63,64.81,134765
10/20/2016,64.82,64.92,64.53,64.77,54806
10/21/2016,64.33,64.66,64.33,64.57,425876
10/24/2016,64.88,65,64.71,64.86,39099
10/25/2016,64.9,64.9,64.49,64.62,904371
10/26/2016,64.22,64.7995,64.11,64.62,1101074
10/27/2016,64.815,64.88,64.37,64.37,34757
10/28/2016,64.36,64.795,64.11,64.33,62786
10/31/2016,64.485,64.63,64.4,64.5,55466
11/01/2016,64.73,64.78,63.6,64.06,31059
11/02/2016,63.89,64.2,63.77,63.84,626319
11/03/2016,63.98,64.1,63.405,63.47,148302
11/04/2016,63.38,63.89,63.31,63.37,294648
11/07/2016,64.25,64.8,64.2319,64.79,121392
11/08/2016,64.71,65.17,64.4398,64.97,1014274
11/09/2016,64.83,66.5728,64.59,66.28,1470053
11/10/2016,66.74,67.55,66.59,67.04,426999
11/11/2016,66.67,67.11,66.5,67.1,469029
11/14/2016,67.3,67.88,67.28,67.7928,190361
11/15/2016,68.02,68.33,67.6,68.33,178069
11/16/2016,68.15,68.205,67.9,68.01,1642294
11/17/2016,67.87,68.19,67.82,68.19,85603
11/18/2016,68.28,68.4,68.0076,68.05,102908
11/21/2016,68.21,68.49,68.19,68.45,129066
11/22/2016,68.57,68.72,68.4,68.7,116692
11/23/2016,68.57,68.93,68.51,68.93,60635
11/25/2016,69.05,69.21,68.93,69.16,60137
11/28/2016,69.07,69.1,68.65,68.77,208869
11/29/2016,68.72,69,68.5894,68.81,311363
11/30/2016,69.13,69.26,68.9801,69.07,46982
12/01/2016,69.2,69.71,69.05,69.17,964452
12/02/2016,69.18,69.36,68.98,69.05,28279
12/05/2016,69.41,69.66,69.26,69.44,128107
12/06/2016,69.57,69.84,69.3565,69.83,236282
12/07/2016,69.8,71.03,69.72,70.95,94595
12/08/2016,71.04,71.55,71,71.32,303672
12/09/2016,71.48,71.73,71.43,71.71,665773
12/12/2016,71.62,71.8159,71.2622,71.44,424060
12/13/2016,71.71,72.05,71.5396,71.85,287384
12/14/2016,71.49,72.04,71.09,71.18,67019
12/15/2016,71.21,71.9,71.21,71.55,439638
12/16/2016,71.72,72.02,71.2,71.31,62292
12/19/2016,71.34,71.58,71.243,71.45,52663
12/20/2016,71.56,71.86,71.56,71.74,39470
12/21/2016,71.75,71.77,71.61,71.63,109744
12/22/2016,71.28,71.29,70.735,70.87,804407
12/23/2016,70.82,71.06,70.82,71.06,42044
12/27/2016,71.07,71.39,71.05,71.23,42811
12/28/2016,71.31,71.41,70.49,70.55,28225
12/29/2016,70.48,70.66,70.263,70.44,601275
12/30/2016,70.53,70.53,69.965,70.19,85549
01/03/2017,70.7,71.06,70.41,70.92,345002
01/04/2017,71.1,71.74,71.1,71.67,169708
01/05/2017,71.4,71.55,70.88,71.28,134147
01/06/2017,71.26,71.43,70.99,71.21,52200
01/09/2017,71.05,71.2358,70.92,70.95,65982
01/10/2017,71,71.5598,70.94,71.23,2507471
01/11/2017,71.23,71.33,70.8729,71.25,123972
01/12/2017,71.06,71.18,70.39,70.99,60967
01/13/2017,71.03,71.28,70.89,71.03,39798
01/17/2017,70.8,71,70.54,70.72,141487
01/18/2017,70.71,70.87,70.5075,70.86,608405
01/19/2017,70.87,70.99,70.36,70.56,325606
01/20/2017,70.72,70.91,70.46,70.67,843700
01/23/2017,70.65,70.71,70.185,70.44,166891
01/24/2017,70.53,71.28,70.53,71.18,174679
01/25/2017,71.65,72.0234,71.57,72.01,124860
01/26/2017,71.98,72.11,71.78,71.82,482467
01/27/2017,71.85,71.93,71.42,71.51,86239
01/30/2017,71.26,71.26,70.579,71.06,89656
01/31/2017,70.86,71.12,70.55,71.08,438866
02/01/2017,71.61,71.75,71.2306,71.57,1180929
02/02/2017,71.35,71.56,71.195,71.44,86945
02/03/2017,71.86,72.224,71.77,72.18,51295
02/06/2017,72.06,72.33,71.94,72.12,89638
02/07/2017,72.17,72.3,71.876,71.96,852630
02/08/2017,71.66,71.87,71.46,71.84,420823
02/09/2017,71.93,72.51,71.93,72.33,239042
02/10/2017,72.45,72.62,72.3,72.56,46672
02/13/2017,72.74,73.249,72.74,73.1,102065
02/14/2017,73.16,73.66,73.06,73.66,180157
02/15/2017,73.71,74.19,73.68,74.15,110852
02/16/2017,74.16,74.32,73.88,74.12,99455
02/17/2017,73.77,74.17,73.75,74.17,114565
02/21/2017,74.38,74.8099,74.38,74.74,167460
02/22/2017,74.62,74.66,74.43,74.56,218929
02/23/2017,74.81,74.81,74.33,74.41,42647
02/24/2017,73.95,74.48,73.91,74.48,97988
02/27/2017,74.46,74.79,74.37,74.75,111679
02/28/2017,74.45,74.49,74.1901,74.33,86858
03/01/2017,75,75.57,75,75.32,141221
03/02/2017,75.32,75.32,74.81,74.87,383524
03/03/2017,74.86,75.035,74.72,75.03,125407
03/06/2017,74.68,74.68,74.23,74.52,72510
03/07/2017,74.31,74.44,74.01,74.08,160908
03/08/2017,74.21,74.42,73.87,73.96,262613
03/09/2017,73.9,74.07,73.435,73.79,228189
03/10/2017,74.16,74.2,73.7,74.06,141334
03/13/2017,74.04,74.12,73.8499,73.94,93472
03/14/2017,73.75,73.75,73.32,73.64,1490536
03/15/2017,73.71,74.38,73.66,74.24,482187
03/16/2017,74.3,74.33,73.96,74.11,117357
03/17/2017,74.23,74.23,73.78,73.78,67083
03/20/2017,73.75,73.81,73.465,73.5784,90901
03/21/2017,73.77,73.77,72.24,72.3,270934
03/22/2017,72.17,72.68,72.09,72.56,81142
03/23/2017,72.49,72.93,72.335,72.5,251493
03/24/2017,72.33,72.515,71.75,72.08,87772
03/27/2017,71.45,72.09,71.21,72.04,266202
03/28/2017,71.93,72.96,71.91,72.78,79603
03/29/2017,72.72,73.095,72.68,72.97,168497
03/30/2017,72.91,73.38,72.87,73.31,125039
03/31/2017,73.18,73.4,73.12,73.12,247436
04/03/2017,73.19,73.22,72.32,72.83,156170
04/04/2017,72.62,72.88,72.56,72.88,119846
04/05/2017,73.14,73.43,72.38,72.46,112513
04/06/2017,72.49,72.97,72.34,72.76,64458
04/07/2017,72.64,72.95,72.5344,72.7,84768
04/10/2017,72.74,73.08,72.56,72.78,479686
04/11/2017,72.64,72.67,72,72.67,397872
04/12/2017,72.67,72.67,72.13,72.26,540787
04/13/2017,72.18,72.4,71.71,71.73,155801
04/17/2017,71.88,72.29,71.75,72.26,78770
04/18/2017,72.05,72.2,71.64,71.97,103741
04/19/2017,72.21,72.38,71.81,71.92,65625
04/20/2017,72.17,72.82,72.15,72.66,80218
04/21/2017,72.58,72.76,72.16,72.34,51981
04/24/2017,73.09,73.33,72.96,73.21,237523
04/25/2017,73.52,73.67,73.43,73.56,113268
04/26/2017,73.51,73.99,73.51,73.62,102731
04/27/2017,73.65,73.68,73.29,73.65,41868
04/28/2017,73.7,73.7,73.219,73.28,65222
05/01/2017,73.41,73.61,73.285,73.33,75786
05/02/2017,73.43,73.46,73.12,73.36,47173
05/03/2017,73.02,73.31,72.95,73.24,109223
05/04/2017,73.32,73.42,72.84,73.16,68097
05/05/2017,73.32,73.61,73.16,73.61,52178
05/08/2017,73.59,73.75,73.44,73.69,53767
05/09/2017,73.84,73.96,73.61,73.74,56640
05/10/2017,73.66,73.86,73.55,73.85,692127
05/11/2017,73.65,73.78,73.24,73.63,413908
05/12/2017,73.55,73.56,73.19,73.31,32142
05/15/2017,73.51,73.8599,73.45,73.71,573528
05/16/2017,73.81,73.81,73.31,73.51,75698
05/17/2017,72.85,73.03,71.78,71.84,73732
05/18/2017,71.61,72.21,71.535,71.92,225602
05/19/2017,72.18,72.7,72.18,72.46,59363
05/22/2017,72.69,72.84,72.515,72.75,36313
05/23/2017,72.91,73.09,72.7,73.06,272821
05/24/2017,73.12,73.12,72.93,73.1,54174
05/25/2017,73.36,73.54,73.235,73.35,128919
05/26/2017,73.24,73.4,73.09,73.38,103118
05/30/2017,73.22,73.52,73.1835,73.33,89167
05/31/2017,73.41,73.58,72.86,73.19,140424
06/01/2017,73.28,73.91,73.2,73.91,616951
06/02/2017,73.94,74.07,73.73,73.97,292527
06/05/2017,73.96,73.96,73.6901,73.78,184678
06/06/2017,73.56,73.6447,73.3768,73.46,63454
06/07/2017,73.52,73.76,73.43,73.68,350864
06/08/2017,73.66,74.11,73.66,73.89,39540
06/09/2017,74.07,74.4097,73.7,74.05,230192
06/12/2017,73.94,74.19,73.79,74.13,1274871
06/13/2017,74.41,74.41,74.17,74.39,200610
06/14/2017,74.41,74.55,73.76,74.11,697235
06/15/2017,73.54,73.73,73.4,73.73,76405
06/16/2017,73.62,73.62,73.1,73.42,99272
06/19/2017,73.7,74.17,73.65,74.13,820299
06/20/2017,74.06,74.06,73.5082,73.56,78918
06/21/2017,73.64,73.68,73.33,73.48,60978
06/22/2017,73.46,73.81,73.4501,73.62,87647
06/23/2017,73.69,73.78,73.5,73.68,308911
06/26/2017,73.92,74.2897,73.83,74.02,835168
06/27/2017,73.46,73.8,73.14,73.14,93119
06/28/2017,73.43,74,73.43,73.9,70800
06/29/2017,74.06,74.1345,73.02,73.49,61055
06/30/2017,73.8,73.845,73.45,73.57,56163
07/03/2017,73.87,74.365,73.87,74.13,64105
07/05/2017,74.26,74.28,73.7783,74.15,104089
07/06/2017,73.88,73.95,73.36,73.4,37611
07/07/2017,73.51,73.865,73.47,73.8,25721
07/10/2017,73.63,73.83,73.59,73.67,177943
07/11/2017,73.6,73.69,73.24,73.6,219147
07/12/2017,73.9,74.13,73.9,74.03,34675
07/13/2017,74.09,74.43,74.06,74.39,213986
07/14/2017,74.41,74.86,74.4,74.75,2245844
07/17/2017,74.75,75,74.68,74.89,245678
07/18/2017,74.73,74.73,74.41,74.68,73678
07/19/2017,74.76,75.02,74.75,75.02,75236
07/20/2017,75.09,75.1299,74.8,74.94,111833
07/21/2017,74.75,74.85,74.53,74.85,117316
07/24/2017,74.84,74.88,74.73,74.85,152729
07/25/2017,75.19,75.56,75.19,75.28,55888
07/26/2017,75.39,75.41,75.02,75.1,39820
07/27/2017,75.14,75.28,74.54,75.01,208054
07/28/2017,74.82,75.05,74.77,75.01,1268033
07/31/2017,75.17,75.26,74.9735,75.03,81876
08/01/2017,75.21,75.29,74.85,75.21,73149
08/02/2017,75.55,75.63,75.11,75.39,202146
08/03/2017,75.42,75.43,75.09,75.14,147002
08/04/2017,75.36,75.41,75.19,75.29,43926
08/07/2017,75.48,75.61,75.36,75.53,545456
08/08/2017,75.51,76.13,75.3706,75.5,53078
08/09/2017,75.23,75.41,75.1,75.4,54625
08/10/2017,75.13,75.13,74.13,74.15,670445
08/11/2017,74.04,74.43,74.04,74.19,126113
08/14/2017,74.75,75.06,74.75,74.92,403390
08/15/2017,75,75.07,74.86,74.93,42739
08/16/2017,75.04,75.25,74.855,74.97,215628
08/17/2017,74.73,74.77,73.63,73.67,60113
08/18/2017,73.57,73.89,73.3,73.39,138286
08/21/2017,73.45,73.47,73.08,73.37,75709
08/22/2017,73.67,74.18,73.65,74.18,53579
08/23/2017,73.77,74.22,73.77,74.04,40287
08/24/2017,74.16,74.31,73.83,73.87,73943
08/25/2017,74.13,74.4297,74.12,74.2,60232
08/28/2017,74.29,74.44,74.13,74.3,106755
08/29/2017,73.7,74.38,73.7,74.31,47174
08/30/2017,74.35,74.79,74.23,74.71,82059
08/31/2017,75.01,75.31,75.01,75.19,61811
09/01/2017,75.48,75.8,75.475,75.72,188953
09/05/2017,75.5,75.51,74.62,74.98,1314220
09/06/2017,75.2,75.4913,75.14,75.41,235858
09/07/2017,75.52,75.53,75.11,75.23,82166
09/08/2017,75.12,75.24,74.98,75.05,295231
09/11/2017,75.5,75.99,75.5,75.96,66382
09/12/2017,76.19,76.68,76.19,76.52,601019
09/13/2017,76.44,76.66,76.36,76.66,225152
09/14/2017,76.46,76.68,76.46,76.55,153933
09/15/2017,76.52,76.83,76.43,76.83,617260
09/18/2017,76.95,77.16,76.82,76.91,362723
09/19/2017,77.09,77.09,76.77,76.89,65277
09/20/2017,76.96,76.96,76.56,76.865,66620
09/21/2017,76.76,76.87,76.59,76.73,89185
09/22/2017,76.66,76.92,76.6,76.87,41254
09/25/2017,76.8,77.22,76.78,77.02,54908
09/26/2017,76.73,76.89,76.64,76.76,352633
09/27/2017,77.13,77.32,76.76,77.24,166118
09/28/2017,76.96,77.18,76.95,77.16,93291
09/29/2017,77.12,77.3625,77.03,77.32,164990
10/02/2017,77.47,78.02,77.4,78.02,824385
10/03/2017,78.18,78.44,78.06,78.44,529128
10/04/2017,78.45,78.58,78.338,78.39,200182
10/05/2017,78.44,78.87,78.44,78.79,58762
10/06/2017,78.57,78.78,78.5,78.6,59061
10/09/2017,78.68,78.78,78.34,78.47,32300
10/10/2017,78.68,78.95,78.575,78.83,104437
10/11/2017,78.71,78.9,78.71,78.88,248766
10/12/2017,78.77,78.77,78.44,78.51,81471
10/13/2017,78.54,78.91,78.43,78.77,52918
10/16/2017,78.9,78.95,78.66,78.82,58656
10/17/2017,78.88,78.88,78.7,78.82,243583
10/18/2017,78.99,79.05,78.83,78.96,219807
10/19/2017,78.49,78.88,78.34,78.88,47814
10/20/2017,79.31,79.45,79.2,79.41,32129
10/23/2017,79.59,79.7,79.3158,79.36,144498
10/24/2017,79.58,79.869,79.53,79.7,150773
10/25/2017,79.635,79.66,78.651,79.16,44189
10/26/2017,79.45,79.6,79.18,79.3,138364
10/27/2017,79.3,79.4879,78.89,79.48,2610611
10/30/2017,79.12,79.47,79.04,79.21,142471
10/31/2017,79.33,79.44,79.1801,79.34,65231
11/01/2017,79.67,79.93,79.45,79.57,101871
11/02/2017,79.72,79.74,79.17,79.71,88253
11/03/2017,79.83,79.96,79.6874,79.89,53428
11/06/2017,79.98,80.09,79.75,80.04,626243
11/07/2017,80.19,80.23,79.58,79.79,513878
11/08/2017,79.81,79.98,79.58,79.98,49489
11/09/2017,79.61,79.79,79.18,79.75,52392
11/10/2017,79.79,79.88,79.57,79.85,149812
11/13/2017,79.46,80.04,79.46,79.91,164800
11/14/2017,79.71,79.72,79.38,79.56,60651
11/15/2017,79.23,79.46,78.7701,79.26,210377
11/16/2017,79.84,80.57,79.83,80.41,298735
11/17/2017,80.15,80.44,80.15,80.31,68666
11/20/2017,80.49,80.64,80.295,80.59,106052
11/21/2017,80.98,81.13,80.8865,81.04,172276
11/22/2017,81.12,81.17,80.965,81.05,255661
11/24/2017,81.29,81.3,81.03,81.06,23107
11/27/2017,81.1,81.1,80.66,80.75,82051
11/28/2017,80.88,81.75,80.82,81.72,53437
11/29/2017,81.95,82.49,81.95,82.18,639893
11/30/2017,82.47,83.19,82.42,82.64,154525
12/01/2017,82.64,82.69,81.11,82.43,308471
12/04/2017,83.28,83.53,82.82,82.82,113591
12/05/2017,82.97,82.97,82.29,82.33,588777
12/06/2017,82.26,82.35,81.96,82.12,1371185
12/07/2017,82.09,82.52,82,82.44,256583
12/08/2017,82.84,83.06,82.65,83.06,98978
12/11/2017,83.1,83.47,83.03,83.465,64593
12/12/2017,83.87,83.87,83.34,83.48,119197
12/13/2017,83.53,83.7523,83.4,83.4,130871
12/14/2017,83.45,83.64,82.7855,82.83,214399
12/15/2017,83.02,83.86,83.02,83.63,221965
12/18/2017,84.25,84.7,84.09,84.64,800656
12/19/2017,84.68,84.84,84.37,84.39,362459
12/20/2017,84.89,84.89,84.43,84.64,857744
12/21/2017,84.47,84.57,84.23,84.34,169199
12/22/2017,84.44,84.44,84.08,84.27,80107
12/26/2017,84.09,84.2,83.83,84.07,210497
12/27/2017,84.18,84.18,83.82,83.95,676338
12/28/2017,84.2,84.2,83.92,84.13,66949
12/29/2017,84.26,84.47,83.62,83.62,128724
01/02/2018,83.87,84.73,83.86,84.73,198870
01/03/2018,84.82,84.87,84.63,84.83,572708
01/04/2018,85.03,85.3399,84.84,85.3,434679
01/05/2018,85.61,85.7,85.36,85.69,180072
01/08/2018,85.75,85.86,85.4012,85.86,348384
01/09/2018,85.83,86.12,85.76,85.85,503462
01/10/2018,85.67,86.09,85.46,85.86,339946
01/11/2018,86.15,86.92,86.12,86.92,740931
01/12/2018,87.18,87.63,87.18,87.58,108332
01/16/2018,88.13,88.28,86.97,87.25,439247
01/17/2018,87.38,88.23,87.19,88.09,158789
01/18/2018,88.16,88.2,87.82,87.99,278063
01/19/2018,88.32,88.32,87.78,88.19,240227
01/22/2018,88.23,88.83,88.08,88.83,120190
01/23/2018,88.81,88.97,88.53,88.85,176269
01/24/2018,89,89.1,88.09,88.59,282203
01/25/2018,88.97,88.97,87.88,88.15,175862
01/26/2018,88.48,89.39,88.48,89.39,506114
01/29/2018,89.21,89.4,88.87,88.93,199701
01/30/2018,87.99,88.21,87.33,87.58,294889
01/31/2018,87.85,88.1,86.89,87.27,580691
02/01/2018,86.83,87.47,86.82,87.1,289942
02/02/2018,86.65,86.65,84.79,84.83,260011
02/05/2018,84.15,85.19,81.38,81.57,632356
02/06/2018,80.02,83.68,80.02,83.49,850855
02/07/2018,83.17,84.699,83.17,83.36,635832
02/08/2018,83.39,83.6,80.26,80.26,754628
02/09/2018,81.25,81.78,78.5,81.24,717571
02/12/2018,81.92,82.98,81.42,82.46,379264
02/13/2018,82.13,82.9,81.9,82.78,371863
02/14/2018,82.17,84.12,82.17,84.03,281148
02/15/2018,84.64,84.86,83.66,84.86,272394
02/16/2018,84.69,85.62,84.67,84.84,1266733
02/20/2018,84.4,84.85,83.86,84.16,270163
02/21/2018,84.21,85.09,83.61,83.65,242629
02/22/2018,84.11,84.61,83.56,83.76,506099
02/23/2018,84.35,85.14,84.15,85.14,132312
02/26/2018,85.6,86.3,85.31,86.24,200183
02/27/2018,86.35,86.745,85.27,85.27,458273
02/28/2018,85.77,85.81,84.38,84.39,191748
03/01/2018,84.33,84.94,82.56,83.24,1335020
03/02/2018,82.54,83.81,82.2,83.0679,489276
03/05/2018,83.12,84.761,83.12,84.54,147871
03/06/2018,84.94,85,84.34,84.85,131877
03/07/2018,84.14,84.73,83.83,84.62,192868
03/08/2018,85.02,85.02,84.29,84.8,299810
03/09/2018,85.22,86.21,85.17,86.21,277565
03/12/2018,86.41,86.5,86.01,86.22,820851
03/13/2018,86.72,87.05,85.75,85.98,153367
03/14/2018,86.27,86.49,85.2,85.38,143225
03/15/2018,85.49,85.71,84.98,85.16,80078
03/16/2018,85.22,85.899,85.22,85.55,250124
03/19/2018,85.28,85.39,83.85,84.46,147843
03/20/2018,84.77,84.89,84.43,84.59,106490
03/21/2018,84.6,85.27,84.44,84.44,184148
03/22/2018,83.32,83.57,81.95,82,306492
03/23/2018,82.24,82.27,79.93,79.98,637863
03/26/2018,81.35,82.4,80.52,82.34,735145
03/27/2018,82.73,82.83,80.47,80.99,463250
03/28/2018,81.09,81.73,80.58,80.87,613582
03/29/2018,81.39,82.48,81.21,82.02,243663
04/02/2018,81.65,81.93,79.17,80.17,696231
04/03/2018,80.49,81.48,80.12,81.36,897737
04/04/2018,80.12,82.5,80.11,82.33,328673
04/05/2018,82.86,83.1,82.485,82.81,177377
04/06/2018,82.15,82.66,80.46,81.07,1164330
04/09/2018,81.67,82.61,81.26,81.33,350680
04/10/2018,82.39,83.08,82.09,82.8,553126
04/11/2018,82.27,82.93,82.27,82.38,783348
04/12/2018,82.77,83.55,82.77,83.26,524635
04/13/2018,83.84,83.84,82.6,82.94,254580
04/16/2018,83.59,84.07,83.23,83.73,172484
04/17/2018,84.4,84.52,84.11,84.34,197669
04/18/2018,84.6,84.89,84.39,84.52,639372
04/19/2018,84.26,84.26,83.37,83.69,241087
04/20/2018,83.56,83.57,82.55,82.85,176687
04/23/2018,82.96,83.282,82.57,82.94,212087
04/24/2018,83.4,83.66,81.78,82.29,379835
04/25/2018,82.41,82.9,81.73,82.75,1061584
04/26/2018,82.95,83.3,82.58,83.1,222475
04/27/2018,83.16,83.34,82.82,83.08,190716
04/30/2018,83.23,83.65,82.34,82.34,137363
05/01/2018,82.23,82.38,81.52,82.38,418250
05/02/2018,82.4,82.65,81.79,81.92,265105
05/03/2018,81.67,81.67,80.41,81.44,548288
05/04/2018,81.23,82.72,80.96,82.49,165532
05/07/2018,82.77,82.87,82.34,82.52,279834
05/08/2018,82.54,82.7934,82.09,82.61,254384
05/09/2018,82.76,83.37,82.58,83.28,120660
05/10/2018,83.46,84.26,83.46,84.1,501567
05/11/2018,84.15,84.49,83.9378,84.35,116760
05/14/2018,84.69,84.91,84.47,84.58,163402
05/15/2018,84.25,84.42,84.02,84.33,273867
05/16/2018,84.46,85.2,84.46,85.05,178992
05/17/2018,84.85,85.44,84.78,85.05,625638
05/18/2018,84.96,84.96,84.4764,84.49,127933
05/21/2018,85.13,85.43,84.93,85.17,239263
05/22/2018,85.5,85.62,84.97,85.06,206905
05/23/2018,84.69,84.98,84.26,84.98,124490
05/24/2018,84.87,84.99,84.14,84.9,269904
05/25/2018,84.61,84.82,84.3701,84.59,271646
05/29/2018,84.07,84.3,83.19,83.58,301732
05/30/2018,83.98,84.66,83.96,84.5,184085
05/31/2018,84.56,84.59,83.7,83.97,296418
06/01/2018,84.53,85.0122,84.5,84.94,442808
06/04/2018,85.19,85.56,85.19,85.35,113681
06/05/2018,85.37,85.5949,85.21,85.52,139716
06/06/2018,85.69,86.24,85.4,86.24,535618
06/07/2018,86.48,86.66,86.06,86.42,355225
06/08/2018,86.27,86.57,86.05,86.55,184194
06/11/2018,86.6,86.98,86.57,86.75,192083
06/12/2018,86.98,86.98,86.45,86.69,764851
06/13/2018,86.86,86.86,86.32,86.35,210149
06/14/2018,86.7,86.7,86.21,86.32,262715
06/15/2018,85.95,86.28,85.45,86.19,261036
06/18/2018,85.72,85.99,85.42,85.92,149965
06/19/2018,85.08,85.49,84.68,85.44,655632
06/20/2018,85.75,85.79,85.32,85.58,207020
06/21/2018,85.59,85.59,84.8,84.97,148100
06/22/2018,85.49,85.54,84.93,84.95,105169
06/25/2018,84.47,84.53,83.17,83.74,371150
06/26/2018,83.49,83.65,83.07,83.39,424870
06/27/2018,83.58,84.11,82.72,82.74,323332
06/28/2018,82.47,83.03,82.01,82.82,296339
06/29/2018,83.18,83.53,82.56,82.61,188859
07/02/2018,82.17,82.79,81.97,82.79,547220
07/03/2018,83.13,83.1302,82.2799,82.34,79515
07/05/2018,82.96,83.0702,82.43,83.07,166210
07/06/2018,83.06,83.79,82.85,83.67,184167
07/09/2018,83.99,84.79,83.99,84.79,175138
07/10/2018,85.06,85.07,84.73,84.99,483476
07/11/2018,84.44,84.44,83.77,83.85,216555
07/12/2018,84.31,84.63,84.0235,84.51,520314
07/13/2018,84.5,84.719,84.35,84.49,188970
07/16/2018,84.46,84.57,84.21,84.42,114264
07/17/2018,84.27,84.76,84.2577,84.64,162266
07/18/2018,84.695,85,84.64,84.9,95516
07/19/2018,84.77,84.9,84.39,84.71,164986
07/20/2018,84.5,84.69,84.3,84.39,100639
07/23/2018,84.33,84.69,84.11,84.6,102274
07/24/2018,84.92,85.19,84.5299,84.7,149900
07/25/2018,84.45,85.13,84.088,85.08,244750
07/26/2018,85.09,85.67,85.07,85.37,165474
07/27/2018,85.14,85.46,84.6702,84.91,221202
07/30/2018,84.95,85.28,84.95,85.09,225933
07/31/2018,85.4,85.7247,85.29,85.43,550103
08/01/2018,85.62,85.879,85.1698,85.34,343759
08/02/2018,85.03,85.94,84.88,85.88,152813
08/03/2018,85.99,86.55,85.97,86.53,121333
08/06/2018,86.4,86.83,86.34,86.74,136903
08/07/2018,86.8,87.16,86.8,86.97,558900
08/08/2018,86.97,87.13,86.76,87,152034
08/09/2018,87.06,87.1802,86.77,86.83,281865
08/10/2018,86.33,86.4,85.86,86.12,422517
08/13/2018,86.11,86.31,85.62,85.69,454929
08/14/2018,86.03,86.43,85.9911,86.31,254978
08/15/2018,85.9,85.9,85.02,85.59,216142
08/16/2018,86.28,86.9,86.28,86.65,112854
08/17/2018,86.57,87.42,86.56,87.23,172333
08/20/2018,87.43,87.7129,87.4292,87.63,129447
08/21/2018,87.86,88.2833,87.78,88,180628
08/22/2018,87.9,88.0299,87.67,87.71,191041
08/23/2018,87.67,87.7316,87.29,87.41,145073
08/24/2018,87.65,87.83,87.515,87.75,226200
08/27/2018,88.04,88.668,88.04,88.55,191676
08/28/2018,88.86,88.86,88.56,88.72,407889
08/29/2018,88.91,89.1,88.49,88.94,134961
08/30/2018,88.75,88.97,88.3834,88.58,351517
08/31/2018,88.55,88.65,88.22,88.51,148462
09/04/2018,88.38,88.47,88,88.34,335144
09/05/2018,88.31,88.47,87.82,88.34,165886
09/06/2018,88.45,88.45,87.4289,87.64,1747587
09/07/2018,87.41,87.7425,87.14,87.31,241594
09/10/2018,87.54,87.68,87.25,87.29,141241
09/11/2018,87.18,87.57,86.77,87.43,171757
09/12/2018,87.42,87.7031,87.28,87.47,212531
09/13/2018,87.88,88.15,87.88,88.04,250909
09/14/2018,88.01,88.32,87.9099,88.2,333865
09/17/2018,88.22,88.2648,87.75,87.83,96959
09/18/2018,88.02,88.5377,87.87,88.3,872839
09/19/2018,88.37,88.815,88.32,88.55,356772
09/20/2018,88.98,89.5,88.98,89.31,608425
09/21/2018,89.52,89.71,89.2,89.23,1322292
09/24/2018,89.04,89.2064,88.66,88.79,409289
09/25/2018,89.03,89.03,88.35,88.38,189471
09/26/2018,88.13,88.34,87.47,87.57,200209
09/27/2018,87.75,88.23,87.6513,87.77,155096
09/28/2018,87.68,87.99,87.51,87.85,195395
10/01/2018,88.4,88.66,87.94,88.14,509284
10/02/2018,88.02,88.56,88.02,88.24,190640
10/03/2018,88.67,89.18,88.64,88.78,190213
10/04/2018,88.71,88.73,87.72,88.21,267915
10/05/2018,88.31,88.39,87.05,87.55,205508
10/08/2018,87.35,87.86,87,87.71,196572
10/09/2018,87.61,87.6815,87.01,87.25,231480
10/10/2018,87.17,87.17,84.81,84.95,1628328
10/11/2018,84.49,85.15,82.55,82.98,1721621
10/12/2018,84.37,84.37,82.86,83.89,562973
10/15/2018,83.84,84.1648,83.44,83.44,336393
10/16/2018,84.03,85.15,83.74,85.025,722055
10/17/2018,84.91,85.35,84.1408,84.9,362925
10/18/2018,84.57,84.83,83.2962,83.64,296282
10/19/2018,83.82,84.35,83.36,83.57,286577
10/22/2018,83.8,83.9752,83.1065,83.24,315611
10/23/2018,81.95,83.2486,81.14,82.88,614514
10/24/2018,82.82,82.85,79.89,79.96,557140
10/25/2018,80.6,82.16,80.42,81.62,717954
10/26/2018,80.53,81.505,79.57,80.56,701153
10/29/2018,81.55,82.26,79.43,80.61,721953
10/30/2018,80.45,81.97,80.45,81.89,626679
10/31/2018,82.85,83.44,82.55,82.66,410104
11/01/2018,82.95,83.92,82.72,83.86,809056
11/02/2018,83.92,84.1,82.3,82.9,580538
11/05/2018,82.97,83.69,82.73,83.5,513050
11/06/2018,83.55,84,83.4663,83.97,288224
11/07/2018,84.69,85.5,84.2661,85.45,465759
11/08/2018,85.09,85.51,84.87,85.2,470901
11/09/2018,84.6,84.7,83.68,84.11,299539
11/12/2018,83.77,83.77,82.32,82.47,1375369
11/13/2018,82.6,83.32,82.045,82.25,421604
11/14/2018,82.94,83.0367,80.77,81.28,842083
11/15/2018,80.93,82.13,80.24,81.93,585468
11/16/2018,81.61,82.43,81.54,82.09,291926
11/19/2018,81.83,81.95,80.8,81.1,547363
11/20/2018,79.82,80.1,78.81,79.14,518126
11/21/2018,79.61,80.16,79.5,79.55,345558
11/23/2018,79,79.455,78.89,79,172351
11/26/2018,79.63,80.31,79.62,80.26,421076
11/27/2018,79.91,80.42,79.75,80.42,452313
11/28/2018,80.7,82.11,80.1601,82.11,474812
11/29/2018,81.93,82.1699,81.3601,81.68,351186
11/30/2018,81.65,82.32,81.53,82.17,511315
12/03/2018,83.58,83.5998,82.6,83.17,354527
12/04/2018,82.83,83.01,80.04,80.15,424973
12/06/2018,78.75,79.795,77.73,79.78,2001924
12/07/2018,79.74,79.8887,77.41,77.7,650239
12/10/2018,77.56,77.78,75.71,77.24,1278927
12/11/2018,78.24,78.58,76.62,77.06,865344
12/12/2018,77.97,78.68,77.57,77.65,1509320
12/13/2018,77.96,78.09,76.89,77.29,1613108
12/14/2018,76.55,77.44,76.2,76.43,507654
12/17/2018,75.53,76.19,74.05,74.49,2097004
12/18/2018,75.08,75.6732,74.04,74.42,1090215
12/19/2018,74.37,75.6,72.7,73.09,1995267
12/20/2018,72.77,73.33,71.06,71.54,2946600
12/21/2018,71.94,72.97,70.19,70.42,1393380
12/24/2018,69.9,70.1,68.6,68.64,1500395
12/26/2018,69.04,71.65,67.97,71.63,1700180
12/27/2018,70.63,72.2,69.59,72.2,1028325
12/28/2018,72.49,73.04,71.79,72.08,1329520
12/31/2018,72.49,72.61,71.64,72.57,1217375
01/02/2019,71.34,73.58,71.34,73.32,561590
01/03/2019,72.87,73.03,71.7133,71.93,451742
01/04/2019,73,74.6399,73,74.45,484963
01/07/2019,74.5,75.92,74.28,75.31,445596
01/08/2019,76,76.17,75.14,75.82,1685996
01/09/2019,76.22,76.66,75.77,76.32,448369
01/10/2019,75.7,76.58,75.56,76.56,489209
01/11/2019,76.3,77.32,76.2842,77.06,425963
01/14/2019,76.29,76.87,76.2126,76.6,853812
01/15/2019,76.71,77.07,76.35,76.86,2339303
01/16/2019,77.06,77.44,76.92,77.06,278407
01/17/2019,76.68,77.92,76.68,77.66,476479
01/18/2019,78.17,79,77.97,78.85,571435
01/22/2019,78.25,78.27,77.19,77.61,1331503
01/23/2019,77.88,78.18,76.825,77.54,346273
01/24/2019,77.6,78.35,77.6,78.11,304691
01/25/2019,78.55,79.07,78.46,78.89,288248
01/28/2019,78.08,78.53,77.86,78.51,603693
01/29/2019,78.59,78.72,78.266,78.52,182056
01/30/2019,78.8,79.44,78.12,79.16,760324
01/31/2019,79,79.77,78.84,79.71,4174050
02/01/2019,79.78,80.18,79.55,79.98,416375
02/04/2019,79.92,80.2,79.46,80.2,297731
02/05/2019,80.2,80.49,79.92,80.28,246295
02/06/2019,80.26,80.72,80.26,80.53,338383
02/07/2019,80.01,80.01,78.73,79.4,887491
02/08/2019,78.94,79.11,78.13,79.1,517218
02/11/2019,79.3,79.32,78.98,79.22,326783
02/12/2019,79.69,80.49,79.64,80.28,922898
02/13/2019,80.52,81,80.48,80.77,460047
02/14/2019,80.375,80.96,80.16,80.58,407018
02/15/2019,81,81.63,81,81.58,230066
02/19/2019,81.35,82.1,81.35,81.9,195003
02/20/2019,81.79,82.34,81.76,82.08,176927
02/21/2019,81.92,82.01,81.33,81.59,363011
02/22/2019,81.84,82.105,81.68,82.01,210187
02/25/2019,82.605,82.81,82.2,82.24,454672
02/26/2019,82.05,82.48,82.05,82.1,250986
02/27/2019,81.94,82.05,81.47,81.72,577438
02/28/2019,81.47,81.47,81.13,81.22,399933
03/01/2019,81.74,82.09,81.17,81.5,361161
03/04/2019,81.75,81.78,80.23,80.93,398545
03/05/2019,80.9,80.9,80.3,80.57,253005
03/06/2019,80.44,80.44,79.49,79.59,382444
03/07/2019,79.35,79.35,78.58,78.9,850741
03/08/2019,78.17,78.85,78.07,78.82,314694
03/11/2019,79.01,80.02,79.01,79.95,455737
03/12/2019,80.02,80.45,80.01,80.15,1211453
03/13/2019,80.4,80.88,80.39,80.61,338904
03/14/2019,80.63,80.74,80.28,80.38,253092
03/15/2019,80.56,81.02,80.56,80.86,1847624
03/18/2019,80.9,81.41,80.9,81.25,561508
03/19/2019,81.63,81.98,81.05,81.31,525328
03/20/2019,80.56,80.56,79.57,79.73,552159
03/21/2019,79.56,81.1,79.48,80.88,450619
03/22/2019,80.44,80.46,78.95,79.06,722462
03/25/2019,78.93,79.259,78.32,78.7,586218
03/26/2019,79.11,79.67,78.86,79.39,293404
03/27/2019,79.35,79.61,78.63,78.99,612786
03/28/2019,79.14,79.46,78.695,79.16,348467
03/29/2019,79.735,79.95,79.5,79.86,370058
04/01/2019,80.56,81.29,80.5335,81.23,298690
04/02/2019,81.04,81.18,80.75,80.88,245142
04/03/2019,81.4,81.72,81.115,81.39,467654
04/04/2019,81.32,81.9,81.25,81.86,780922
04/05/2019,82,82.3322,81.89,82.31,534326
04/08/2019,82.13,82.37,81.99,82.37,1638904
04/09/2019,82.08,82.08,81.3499,81.53,446943
04/10/2019,81.65,82.08,81.51,82.03,394321
04/11/2019,82.14,82.45,81.9,82.08,434434
04/12/2019,82.52,82.76,82.07,82.38,694328
04/15/2019,82.39,82.54,81.93,82.17,449707
04/16/2019,82.435,82.74,82.24,82.74,508841
04/17/2019,83.27,83.34,82.63,82.78,1231091
04/18/2019,82.9,83.01,82.54,82.93,1813469
04/22/2019,82.735,82.85,82.57,82.67,589676
04/23/2019,82.8,83.35,82.68,83.24,272989
04/24/2019,83.06,83.12,82.64,82.81,426606
04/25/2019,82.61,82.61,81.82,82.07,861982
04/26/2019,81.7,82.17,81.48,82.13,1736960
04/29/2019,82.21,82.7,82.21,82.39,1774622
04/30/2019,82.47,82.72,81.9599,82.59,1358761
05/01/2019,82.82,83,82.12,82.14,534042
05/02/2019,82.03,82.56,81.53,81.99,1285862
05/03/2019,82.44,82.9,82.32,82.83,309489
05/06/2019,81.34,82.6,81.33,82.46,607680
05/07/2019,81.9,81.9013,80.6,81.15,809687
05/08/2019,81,81.4792,80.7,80.73,593402
05/09/2019,80.01,80.51,79.32,80.29,321559
05/10/2019,80.04,80.7798,78.96,80.52,558951
05/13/2019,78.97,79.11,77.96,78.28,722532
05/14/2019,78.63,79.7,78.63,79.23,1126235
05/15/2019,78.7,79.71,78.56,79.52,1523390
05/16/2019,79.54,80.33,79.54,79.79,620916
05/17/2019,79.13,80.1,79.06,79.18,370608
05/20/2019,78.63,79.22,78.44,78.66,642379
05/21/2019,79.14,79.66,79.09,79.54,749571
05/22/2019,79.05,79.18,78.51,78.64,176581
05/23/2019,77.97,77.97,77.15,77.67,687858
05/24/2019,78.02,78.24,77.63,77.85,325207
05/28/2019,77.94,77.99,76.8,76.8,610700
05/29/2019,76.29,76.66,75.83,76.37,572904
05/30/2019,76.52,76.88,75.89,76.2,376639
05/31/2019,75.29,75.3,74.62,74.66,298225
06/03/2019,74.76,75.76,74.76,75.34,1004580
06/04/2019,76.08,77.59,76.08,77.54,361717
06/05/2019,77.93,78,76.84,77.46,1602002
06/06/2019,77.51,78.08,77.27,77.83,639500
06/07/2019,78.07,78.6,77.99,78.31,501095
06/10/2019,78.77,79.44,78.76,78.89,316968
06/11/2019,79.56,79.62,78.94,79.02,130912
06/12/2019,78.87,78.99,78.48,78.52,171179
06/13/2019,78.82,79.28,78.74,79.2,211381
06/14/2019,78.96,78.96,78.52,78.77,105723
06/17/2019,78.25,78.382,77.87,78.06,174497
06/18/2019,78.48,79.64,78.43,79.19,201905
06/19/2019,79.28,79.55,79.15,79.33,190764
06/20/2019,80.02,80.12,79.2,79.79,145819
06/21/2019,79.63,80.03,79.5,79.66,728488
06/24/2019,79.66,79.81,79.3,79.33,198928
06/25/2019,79.65,79.65,79.1,79.14,445847
06/26/2019,79.64,79.9499,79.64,79.67,176376
06/27/2019,79.85,80.39,79.85,80.31,136572
06/28/2019,80.725,81.24,80.62,81.19,1285655
07/01/2019,82.29,82.56,81.28,81.67,3215074
07/02/2019,81.53,81.62,81.08,81.49,379521
07/03/2019,81.63,81.99,81.63,81.97,139875
07/05/2019,81.64,82.07,81.42,82.01,155886
07/08/2019,81.58,81.88,81.39,81.59,176455
07/09/2019,81.3,81.55,80.91,81.51,392613
07/10/2019,81.86,82.26,81.6214,81.76,154668
07/11/2019,82.2,82.35,81.68,82.04,140025
07/12/2019,82.25,82.9873,82.25,82.92,144419
07/15/2019,83.02,83.06,82.61,82.9,219872
07/16/2019,82.82,82.96,82.56,82.7,146785
07/17/2019,82.69,82.69,81.96,81.96,133954
07/18/2019,81.85,82.61,81.73,82.44,187284
07/19/2019,82.66,82.92,82.35,82.37,285531
07/22/2019,82.51,82.75,82.2201,82.39,186340
07/23/2019,82.74,83.21,82.5099,83.18,255855
07/24/2019,83.07,84.23,83.06,84.19,204291
07/25/2019,84.01,84.04,83.42,83.62,141575
07/26/2019,83.85,83.99,83.49,83.86,173832
07/29/2019,83.75,83.94,83.54,83.78,522855
07/30/2019,83.25,83.62,83,83.53,487944
07/31/2019,83.37,83.47,81.86,82.49,237810
08/01/2019,82.63,83.4243,81.03,81.36,573835
08/02/2019,81.01,81.01,80.21,80.57,1307780
08/05/2019,79.27,79.28,77.66,78.3,594058
08/06/2019,78.91,79.08,77.97,79.05,1254174
08/07/2019,78.16,79.14,77.51,78.95,928011
08/08/2019,79.24,80.2,79.152,80.15,656851
08/09/2019,79.76,79.76,78.65,79.05,214320
08/12/2019,78.57,78.57,77.71,78.02,152192
08/13/2019,77.86,79.89,77.73,79.11,469308
08/14/2019,77.81,77.81,76.36,76.38,363324
08/15/2019,76.7,76.7,75.62,76.17,407786
08/16/2019,76.62,77.67,76.62,77.53,303662
08/19/2019,78.62,78.82,78.4144,78.58,165141
08/20/2019,78.39,78.49,77.72,77.75,300861
08/21/2019,78.51,78.69,78.41,78.54,151584
08/22/2019,78.77,79.06,78.2745,78.67,160825
08/23/2019,78.13,78.58,76.13,76.44,417400
08/26/2019,77.16,77.339,76.72,77.07,283633
08/27/2019,77.4,77.44,76.19,76.26,240373
08/28/2019,76.11,77.2,75.93,77.13,381113
08/29/2019,77.85,78.565,77.85,78.34,341427
08/30/2019,78.75,79.155,78.54,78.76,226514
09/03/2019,78.32,78.42,77.6,78.35,405679
09/04/2019,78.99,79.6,78.99,79.54,312173
09/05/2019,80.41,81.5397,80.41,81.11,223182
09/06/2019,81.2,81.55,81.07,81.38,127472
09/09/2019,81.99,82.94,81.99,82.83,728662
09/10/2019,82.74,84,82.73,84,1142799
09/11/2019,84.21,84.8625,83.56,84.82,938351
09/12/2019,84.81,84.99,84.01,84.59,912626
09/13/2019,84.73,85.215,84.61,84.65,540127
09/16/2019,84.03,84.39,83.93,84.23,397721
09/17/2019,83.98,84.01,83.45,84,265190
09/18/2019,83.7,83.7,83.01,83.61,309878
09/19/2019,83.94,84.02,83.39,83.48,219554
09/20/2019,83.76,84.0386,83.2,83.29,281741
09/23/2019,83,83.47,82.85,83.23,160303
09/24/2019,82.88,83.04,81.4706,81.73,425541
09/25/2019,81.66,82.6,81.49,82.44,348242
09/26/2019,82.47,82.61,81.63,82.03,337838
09/27/2019,82.1,82.3,81.24,81.66,706580
09/30/2019,81.84,82.2838,81.73,82.04,200719
10/01/2019,82.34,82.59,80.5,80.65,597074
10/02/2019,80.13,80.13,78.69,78.98,343100
10/03/2019,78.86,79.41,77.83,79.41,572876
10/04/2019,79.58,80.3,79.39,80.24,1699815
10/07/2019,80.04,80.64,79.91,79.955,230069
10/08/2019,79.35,79.3634,78.53,78.54,471227
10/09/2019,79.11,79.57,79.0192,79.25,150221
10/10/2019,79.265,80.43,79.18,80.06,349446
10/11/2019,80.98,82.06,80.98,81.39,378508
10/14/2019,81.13,81.38,81,81.32,330110
10/15/2019,81.44,82.75,81.39,82.44,147096
10/16/2019,82.34,82.71,82.12,82.14,109847
10/17/2019,82.39,82.5,81.86,82.19,181738
10/18/2019,82.03,82.358,81.7462,82.14,554977
10/21/2019,82.55,83,82.55,82.81,171188
10/22/2019,82.97,83.69,82.73,83.31,474519
10/23/2019,82.98,83.35,82.6819,83.35,343785
10/24/2019,83.7,83.702,82.8,83.13,384704
10/25/2019,83.34,84.44,83.34,84.35,214550
10/28/2019,84.98,85.37,84.98,85.18,927545
10/29/2019,85.08,85.5,85.08,85.15,1308932
10/30/2019,85.16,85.16,84.42,84.89,526097
10/31/2019,84.66,84.66,83.6,84.37,216941
11/01/2019,84.68,85.75,84.68,85.75,365844
11/04/2019,86.45,86.93,86.33,86.9,368460
11/05/2019,86.98,87.5572,86.98,87.17,1285771
11/06/2019,87.3,87.3,86.71,87.06,1122328
11/07/2019,87.73,88.03,87.4,87.53,341117
11/08/2019,87.39,87.78,86.895,87.78,1242470
11/11/2019,87.51,87.65,87.23,87.58,261968
11/12/2019,87.77,88.15,87.41,87.63,387793
11/13/2019,87.265,87.29,86.905,87.11,327569
11/14/2019,86.97,87.27,86.8,87.12,361444
11/15/2019,87.69,87.99,87.54,87.98,344828
11/18/2019,87.83,87.98,87.51,87.96,180848
11/19/2019,88.02,88.02,87.16,87.29,325339
11/20/2019,86.91,86.99,86.02,86.64,239606
11/21/2019,86.58,86.84,86.33,86.7,379394
11/22/2019,87.04,87.32,86.83,87.12,185330
11/25/2019,87.49,88.01,87.37,87.98,351351
11/26/2019,87.99,87.99,87.39,87.65,646263
11/27/2019,87.88,88,87.67,87.98,279335
11/29/2019,87.71,87.85,87.43,87.49,112306
12/02/2019,87.76,87.76,86.9,86.94,519101
12/03/2019,86,86.0208,85.19,85.89,557394
12/04/2019,86.39,86.86,86.24,86.51,992182
12/05/2019,86.87,86.9,86.34,86.71,409479
12/06/2019,87.35,87.78,87.35,87.57,420256
12/09/2019,87.33,87.68,87.27,87.28,204828
12/10/2019,87.25,87.49,86.95,87.2,379201
12/11/2019,87.31,87.62,87.27,87.5,464126
12/12/2019,87.57,88.98,87.46,88.84,616359
12/13/2019,88.79,89.36,88.22,88.34,1079153
12/16/2019,88.52,89.0163,88.52,88.57,925477
12/17/2019,88.65,88.75,88.54,88.59,959937
12/18/2019,88.6,88.8517,88.525,88.74,207538
12/19/2019,89.05,89.16,88.82,89.05,258473
12/20/2019,89.5,89.88,89.43,89.8,264782
12/23/2019,90,90.03,89.84,89.88,244588
12/24/2019,89.95,90.04,89.75,89.86,63269
12/26/2019,89.99,90.16,89.91,90.105,94874
12/27/2019,90.29,90.46,89.805,89.92,289607
12/30/2019,89.9,89.985,89.3264,89.42,225192
12/31/2019,89.2,89.82,89.14,89.73,345252
01/02/2020,90.26,90.41,89.79,90.31,742916
01/03/2020,89.38,89.65,89.21,89.34,275989
01/06/2020,88.63,89.205,88.63,89.2,400326
01/07/2020,89.24,89.47,88.94,89.33,341824
01/08/2020,89.3,89.9,89.02,89.53,319291
01/09/2020,89.87,89.87,89.34,89.69,652355
01/10/2020,89.79,89.89,89.19,89.31,179799
01/13/2020,89.5,89.6,89.15,89.59,292624
01/14/2020,89.68,90.26,89.6467,89.91,398344
01/15/2020,89.63,90.04,89.32,89.56,762669
01/16/2020,89.99,90.32,89.98,90.29,447674
01/17/2020,90.58,90.58,90.18,90.37,515368
01/21/2020,90.1,90.32,89.81,89.94,604969
01/22/2020,90.33,90.72,90.27,90.42,375873
01/23/2020,90.18,90.61,89.61,90.48,332611
01/24/2020,90.98,90.98,89.3276,89.87,284533
01/27/2020,88.18,88.48,87.87,88.01,319220
01/28/2020,88.42,89.26,88.24,88.9,243648
01/29/2020,89.14,89.17,87.95,87.95,277803
01/30/2020,87.21,88.01,86.6837,88,565142
01/31/2020,87.67,87.67,86.01,86.34,972446
02/03/2020,86.79,87.61,86.7,86.74,509641
02/04/2020,88.04,88.59,88.04,88.3,353279
02/05/2020,89.07,90.31,89.07,90.19,513716
02/06/2020,90.59,90.85,90.23,90.3,672921
02/07/2020,90.05,90.05,89.51,89.58,184412
02/10/2020,89.44,89.92,89.31,89.92,393347
02/11/2020,90.46,90.9,90.37,90.63,783617
02/12/2020,91.31,91.855,91.26,91.41,287996
02/13/2020,90.97,91.31,90.72,91.04,965694
02/14/2020,91.115,91.12,90.11,90.42,677054
02/18/2020,90.105,90.16,89.38,89.87,350706
02/19/2020,90.24,90.5,90.09,90.35,567201
02/20/2020,90.14,90.445,89.36,90.19,387857
02/21/2020,89.89,89.89,89.03,89.28,408658
02/24/2020,86.51,87,85.82,86.08,826578
02/25/2020,86.46,86.46,82.73,82.98,763418
02/26/2020,83.39,84.15,82.11,82.11,1099619
02/27/2020,80.45,81.71,78.66,78.66,1139829
02/28/2020,76.04,78.42,75.53,78.02,1796173
03/02/2020,78.54,81.13,77.33,81.13,727490
03/03/2020,81.23,82.53,77.81,78.51,684129
03/04/2020,80.14,81.71,79.25,81.6,765169
03/05/2020,79.7,80.32,78.16,78.75,720945
03/06/2020,76.11,77.93,75.63,77.28,813456
03/09/2020,75.43,75.43,69.52,69.98,855670
03/10/2020,72.88,73.66,69.46,73.66,2713905
03/11/2020,71.71,72.01,68.76,69.62,1220537
03/12/2020,65.77,66.37,61.6,61.73,1649642
03/13/2020,65.54,68.07,62.39,67.86,1172235
03/16/2020,59.56,64.215,57.77,59.25,853825
03/17/2020,60.62,63.67,58.5,62.46,988999
03/18/2020,58.65,60.2899,55.715,59.49,1087217
03/19/2020,58.64,60.5558,56.6101,59.2,857600
03/20/2020,59.68,60.54,56.52,56.52,446830
03/23/2020,56.9,56.9,54.2,55.33,424552
03/24/2020,58.21,60.99,58.21,60.88,1276831
03/25/2020,60.8,64.06,59,61.05,960961
03/26/2020,61.91,65.39,61.81,64.99,1113767
03/27/2020,62.84,64.3599,61.73,62.53,626388
03/30/2020,63.13,64.44,62.06,64.3,769109
03/31/2020,64.11,64.56,62.39,63,2001709
04/01/2020,60.23,61.19,58.965,59.5,771450
04/02/2020,59.01,61.08,58.901,60.32,678544
04/03/2020,60.14,60.66,58.51,59.26,432746
04/06/2020,61.74,64.03,61.74,63.67,566489
04/07/2020,66.28,66.91,64.41,64.445,601905
04/08/2020,65.36,67.43,64.73,67.06,543107
04/09/2020,68.37,69.589,67.26,68.24,12894094
04/13/2020,68.05,68.07,66.33,67.23,4347355
04/14/2020,68.86,69.18,67.7,68.75,2336445
04/15/2020,67.05,67.05,65.66,66.34,1308934
04/16/2020,66.49,66.55,65.2,66.15,861917
04/17/2020,68.28,68.62,67.51,68.47,1194160
04/20/2020,67.33,68.21,66.74,66.88,774718
04/21/2020,65.69,65.87,64.42,64.6,1042497
04/22/2020,66.32,66.32,65.38,65.79,1068780
04/23/2020,65.92,67.05,65.86,66,550827
04/24/2020,66.19,67.16,65.57,66.97,1249089
04/27/2020,67.66,68.89,67.32,68.63,1162197
04/28/2020,69.89,70.52,68.847,69.4,981201
04/29/2020,71.28,72.47,70.89,72.02,1105184
04/30/2020,71.59,71.59,69.75,69.98,1166562
05/01/2020,68.64,68.64,66.95,67.21,702334
05/04/2020,66.72,67.11,65.925,67.11,806884
05/05/2020,68,68.6,67.26,67.385,781246
05/06/2020,67.94,68.27,66.59,66.59,496625
05/07/2020,67.69,68.26,67.25,67.38,1216735
05/08/2020,68.27,69.58,68.27,69.47,686291
05/11/2020,69.08,69.35,68.27,68.835,738114
05/12/2020,69.05,69.37,67.05,67.05,360190
05/13/2020,66.8,66.8,64.36,64.895,1476130
05/14/2020,64.13,66.35,62.99,66.32,1294674
05/15/2020,65.61,66.2,65.16,66.01,381748
05/18/2020,68.41,69.83,68.1528,69.49,895876
05/19/2020,69.39,69.8451,68.51,68.575,749570
05/20/2020,69.74,70.38,69.52,70.06,319341
05/21/2020,70.08,70.24,69.22,69.53,386776
05/22/2020,69.37,69.55,68.72,69.38,635337
05/26/2020,71.24,72.42,71.24,71.76,709956
05/27/2020,73.31,74.18,72.04,74.18,587994
05/28/2020,74.75,74.77,72.3,72.45,1072518
05/29/2020,72.22,72.76,71.29,72.4,498227
06/01/2020,72.25,73.0118,71.98,72.7,635792
06/02/2020,72.9,73.28,72.76,73.17,75300
